entrada/saída,tipo de recurso,data,num_pag,valor,num_dl,cpf_cnpj,fornecedor,categoria,observação,projeto,data,valor
Crédito,Repasse,07/12/2023,,"145.000,00",,,ENAP,0.0.0 Recurso,Aporte,Ambiente Promotor de Inovação,12/2023,"145.000,00"
Crédito,Repasse,19/12/2023,,"180.000,00",,,MDIC,0.0.0 Recurso,Captação,Empreendedoras Tech,12/2023,"180.000,00"
Crédito,Repasse,07/12/2023,,"105.000,00",,,ENAP,0.0.0 Recurso,Aporte,Datathon,12/2023,"105.000,00"
Crédito,Repasse,21/12/2023,,"250.000,00",,,ENAP,0.0.0 Recurso,Aporte,Operação Básica,12/2023,"250.000,00"
Crédito,Repasse,21/12/2023,,"490.916,00",,,MDIC,0.0.0 Recurso,Captação,Empreendedoras Tech,12/2023,"490.916,00"
Crédito,Repasse,21/12/2023,,"224.084,00",,,MDIC,0.0.0 Recurso,Captação,Empreendedoras Tech,12/2023,"224.084,00"
Crédito,Repasse,29/12/2023,,"1.479.048,74",,,MIDR,0.0.0 Recurso,Captação,Impulso Regional,12/2023,"1.479.048,74"
Débito,Repasse,29/02/2024,8601538,"10.300,00",29,39.817.288/0001-27,GIULIA PAGLIARINI LANZUOLO 38358215800,1.2.1 Serviços de Consultoria,,Ambiente Promotor de Inovação,02/2024,"(10.300,00)"
Débito,Repasse,15/03/2024,8641596,"7.000,00",1,53.594.223/0001-90,53.594.223 RUY BUENO DE ARRUDA CAMARGO NETO,4.1.1 Despesas com captação,,Operação Básica,03/2024,"(7.000,00)"
Débito,Repasse,12/04/2024,8698502,"7.000,00",3,53.594.223/0001-90,53.594.223 RUY BUENO DE ARRUDA CAMARGO NETO,4.1.1 Despesas com captação,,Operação Básica,04/2024,"(7.000,00)"
Débito,Repasse,16/04/2024,8701415,"7.000,00",107,42.403.625/0001-44,NOUS DESIGN E COMUNICACAO LTDA,2.3.2 Serviço de Facilitação,,Ambiente Promotor de Inovação,04/2024,"(7.000,00)"
Débito,Repasse,16/04/2024,8701711,"24.401,00",136,03.513.723/0001-82,BLOCO ARQUITETOS ASSOCIADOS LTDA,3.4.1 Serviço arquitetônico,,Ambiente Promotor de Inovação,04/2024,"(24.401,00)"
Crédito,Repasse,25/04/2024,,"125.000,00",,,ENAP,0.0.0 Recurso,Aporte,Operação Básica,04/2024,"125.000,00"
Débito,Repasse,30/04/2024,8720209,"24.401,00",147,03.513.723/0001-82,BLOCO ARQUITETOS ASSOCIADOS LTDA,3.4.1 Serviço arquitetônico,,Ambiente Promotor de Inovação,04/2024,"(24.401,00)"
Débito,Repasse,06/05/2024,8744750,"4.000,00",12,42.535.257/0001-98,GIOVANA SAKAI ROQUE 05189928101,1.1.3 Equipe de Comunicação,,Operação Básica,05/2024,"(4.000,00)"
Débito,Repasse,06/05/2024,8744759,"21.847,14",21,29.556.728/0001-86,A PONTE ASSESSORIA EM PROJETOS LTDA,1.1.1 Equipe de Coordenação,,Operação Básica,05/2024,"(21.847,14)"
Débito,Repasse,06/05/2024,8744770,"8.000,00",26,08.913.490/0001-29,ZOIO INFORMATICA LTDA,1.1.1 Equipe de Coordenação,,Operação Básica,05/2024,"(8.000,00)"
Débito,Repasse,06/05/2024,8744781,"7.000,00",6,53.594.223/0001-90,53.594.223 RUY BUENO DE ARRUDA CAMARGO NETO,4.1.1 Despesas com captação,,Operação Básica,05/2024,"(7.000,00)"
Débito,Repasse,07/05/2024,8747598,"1.225,00",42024,068.817.941-00,NICOLLY PRIMO VIEIRA,1.1.3 Equipe de Comunicação,,Operação Básica,05/2024,"(1.225,00)"
Débito,Repasse,07/05/2024,8747950,"3.500,00",52,09.584.765/0001-90,"LOGARITMO PRODUCOES ARTISTICAS, EDUCACAO, CULTURA, TECNOLOGIA E PESQUISA LTDA",2.3.2 Serviço de Facilitação,,Datathon,05/2024,"(3.500,00)"
Débito,Repasse,07/05/2024,8748185,"1.764,00",135,37.755.223/0001-79,CARRUSCA SOCIEDADE INDIVIDUAL DE ADVOCACIA,1.1.4 Serviços Advocatícios,,Operação Básica,05/2024,"(1.764,00)"
Débito,Repasse,07/05/2024,8748518,"1.700,00",11,23.122.412/0001-08,23.122.412 RULIAN BELINSKI MAFTUM,2.3.2 Serviço de Facilitação,,Impulso Regional,05/2024,"(1.700,00)"
Débito,Repasse,10/05/2024,8755225,"10.500,00",29,51.680.185/0001-63,PLANO CAPITAL CONSULTORIA EMPRESARIAL LTDA,1.1.2 Equipe Gestão Financeira,,Operação Básica,05/2024,"(10.500,00)"
Débito,Repasse,16/05/2024,8763238,"20.000,00",214,27.059.399/0001-32,IMPACT HUB BRASILIA LTDA,1.1.1 Equipe de Coordenação,,Impulso Regional,05/2024,"(20.000,00)"
Débito,Repasse,16/05/2024,8763408,"5.000,00",211,27.059.399/0001-32,IMPACT HUB BRASILIA LTDA,1.1.1 Equipe de Coordenação,,Ambiente Promotor de Inovação,05/2024,"(5.000,00)"
Débito,Repasse,16/05/2024,8763410,"8.966,00",212,27.059.399/0001-32,IMPACT HUB BRASILIA LTDA,1.2.1 Serviços de Consultoria,,Ambiente Promotor de Inovação,05/2024,"(8.966,00)"
Débito,Repasse,16/05/2024,8763412,"27.632,00",213,27.059.399/0001-32,IMPACT HUB BRASILIA LTDA,3.3.1 Serviço de Comunicação,,Operação Básica,05/2024,"(27.632,00)"
Crédito,Repasse,29/05/2024,,"134.000,00",,,ENAP,0.0.0 Recurso,Aporte,Operação Básica,05/2024,"134.000,00"
Débito,Repasse,04/06/2024,8799981,"2.400,00",1000142,42.016.515/0001-20,VILLE DES PLANTES EMPREENDIMENTOS IMOBILIARIOS LTDA,3.2.4 Serviços de Eventos,,Operação Básica,06/2024,"(2.400,00)"
Débito,Repasse,04/06/2024,8800715,"6.100,00",116,46.081.897/0001-26,MOMAN RESTAURANTE COMERCIO DE ALIMENTOS LTDA,3.2.4 Serviços de Eventos,,Operação Básica,06/2024,"(6.100,00)"
Débito,Repasse,05/06/2024,8808205,"24.401,00",150,03.513.723/0001-82,BLOCO ARQUITETOS ASSOCIADOS LTDA,3.4.1 Serviço arquitetônico,,Ambiente Promotor de Inovação,06/2024,"(24.401,00)"
Débito,Repasse,11/06/2024,8811571,"4.000,00",13,42.535.257/0001-98,GIOVANA SAKAI ROQUE 05189928101,1.1.3 Equipe de Comunicação,,Operação Básica,06/2024,"(4.000,00)"
Débito,Repasse,11/06/2024,8817431,"1.286,00",1,55.125.498/0001-00,55.125.498 AMANDA PEREIRA GOMES DA SILVA,1.2.2 Serviços de Especialistas,,Impulso Regional,06/2024,"(1.286,00)"
Débito,Repasse,11/06/2024,8811582,"1.764,00",145 146,37.755.223/0001-79,CARRUSCA SOCIEDADE INDIVIDUAL DE ADVOCACIA,1.1.4 Serviços Advocatícios,,Operação Básica,06/2024,"(1.764,00)"
Débito,Repasse,11/06/2024,8811577,"4.000,00",13,23.122.412/0001-08,23.122.412 RULIAN BELINSKI MAFTUM,2.3.2 Serviço de Facilitação,,Impulso Regional,06/2024,"(4.000,00)"
Débito,Repasse,11/06/2024,8817435,"1.225,00",52024,068.817.941-00,NICOLLY PRIMO VIEIRA,1.1.3 Equipe de Comunicação,,Operação Básica,06/2024,"(1.225,00)"
Débito,Repasse,11/06/2024,8817647,"9.000,00",22,29.556.728/0001-86,A PONTE ASSESSORIA EM PROJETOS LTDA,1.1.1 Equipe de Coordenação,,Operação Básica,06/2024,"(9.000,00)"
Débito,Repasse,11/06/2024,8817648,"7.000,00",9,53.594.223/0001-90,53.594.223 RUY BUENO DE ARRUDA CAMARGO NETO,4.1.1 Despesas com captação,,Operação Básica,06/2024,"(7.000,00)"
Débito,Repasse,11/06/2024,8818719,"4.234,00",4,54.836.888/0001-26,54.836.888 LETICIA WEINERT ABREU,1.1.3 Equipe de Comunicação,,Empreendedoras Tech,06/2024,"(4.234,00)"
Débito,Repasse,11/06/2024,8818721,"4.727,00",11,51.329.383/0001-87,51.329.383 LUANA NOVA PASSOS RAMOS,1.1.3 Equipe de Comunicação,,Empreendedoras Tech,06/2024,"(4.727,00)"
Débito,Repasse,11/06/2024,8818821,"8.000,00",31,51.680.185/0001-63,PLANO CAPITAL CONSULTORIA EMPRESARIAL LTDA,1.1.2 Equipe Gestão Financeira,,Operação Básica,06/2024,"(8.000,00)"
Débito,Repasse,11/06/2024,8818824,"2.500,00",32,51.680.185/0001-63,PLANO CAPITAL CONSULTORIA EMPRESARIAL LTDA,1.1.2 Equipe Gestão Financeira,,Operação Básica,06/2024,"(2.500,00)"
Débito,Repasse,13/06/2024,8823291,"2.800,00",1000436,18.707.310/0001-06,IDE COMUNICACAO LTDA,3.2.4 Serviços de Eventos,,Operação Básica,06/2024,"(2.800,00)"
Débito,Repasse,19/06/2024,8828857,"149,00",1,18.702.797/0001-34,ASSOCIACAO IMPACT HUB BRASIL / Clicksign,1.1.5 Serviços de apoio administrativo e financeiro,Reembolso ao Institucional,Operação Básica,06/2024,"(149,00)"
Débito,Repasse,19/06/2024,8828863,"8.000,00",29,08.913.490/0001-29,ZOIO INFORMATICA LTDA,1.1.1 Equipe de Coordenação,,Operação Básica,06/2024,"(8.000,00)"
Débito,Repasse,27/06/2024,8843945,"37.727,70",1210,17.213.957/0001-19,MESA SOLUCOES EM INFORMATICA LTDA,2.3.2 Serviço de Facilitação,,Plataforma Desafio 3.0,06/2024,"(37.727,70)"
Débito,Repasse,27/06/2024,8844020,"20.000,00",222,27.059.399/0001-32,IMPACT HUB BRASILIA LTDA,1.1.1 Equipe de Coordenação,,Impulso Regional,06/2024,"(20.000,00)"
Débito,Repasse,03/07/2024,8863392,"7.000,00",11,53.594.223/0001-90,53.594.223 RUY BUENO DE ARRUDA CAMARGO NETO,4.1.1 Despesas com captação,,Operação Básica,07/2024,"(7.000,00)"
Débito,Repasse,03/07/2024,8863542,"1.625,00",1,068.817.941-00,NICOLLY PRIMO VIEIRA,1.1.3 Equipe de Comunicação,,Operação Básica,07/2024,"(1.625,00)"
Débito,Repasse,03/07/2024,8863815,"9.000,00",23,29.556.728/0001-86,A PONTE ASSESSORIA EM PROJETOS LTDA,1.1.1 Equipe de Coordenação,,Operação Básica,07/2024,"(9.000,00)"
Débito,Repasse,03/07/2024,8864132,"2.700,00",2,55.169.662/0001-81,55.169.662 GIOVANNA MARQUES DOS SANTOS,3.2.4 Serviços de Eventos,,Operação Básica,07/2024,"(2.700,00)"
Débito,Repasse,03/07/2024,8864518,"3.450,00",5,54.836.888/0001-26,54.836.888 LETICIA WEINERT ABREU,1.1.3 Equipe de Comunicação,,Empreendedoras Tech,07/2024,"(3.450,00)"
Débito,Repasse,03/07/2024,8868204,"3.000,00",2,55.125.498/0001-00,55.125.498 AMANDA PEREIRA GOMES DA SILVA,1.2.2 Serviços de Especialistas,,Impulso Regional,07/2024,"(3.000,00)"
Débito,Repasse,03/07/2024,8867338,"20.000,00",223,27.059.399/0001-32,IMPACT HUB BRASILIA LTDA,1.1.1 Equipe de Coordenação,,Impulso Regional,07/2024,"(20.000,00)"
Débito,Repasse,03/07/2024,8868533,"4.000,00",12,51.329.383/0001-87,51.329.383 LUANA NOVA PASSOS RAMOS,1.1.3 Equipe de Comunicação,,Empreendedoras Tech,07/2024,"(4.000,00)"
Débito,Repasse,04/07/2024,8869487,"4.000,00",14,42.535.257/0001-98,GIOVANA SAKAI ROQUE 05189928101,1.1.3 Equipe de Comunicação,,Operação Básica,07/2024,"(4.000,00)"
Débito,Repasse,04/07/2024,8870207,"6.287,95",1206,17.213.957/0001-19,MESA SOLUCOES EM INFORMATICA LTDA,2.3.2 Serviço de Facilitação,,Plataforma Desafio 3.0,07/2024,"(6.287,95)"
Débito,Repasse,04/07/2024,8872458,"8.800,00",1,55.505.276/0001-13,RULIAN BELINSKI MAFTUM  LTDA,2.3.2 Serviço de Facilitação,,Impulso Regional,07/2024,"(8.800,00)"
Débito,Repasse,05/07/2024,8874903,"7.000,00",7,50.313.924/0001-16,50.313.924 THIAGO RODRIGUES REIS,1.1.2 Equipe Gestão Financeira,,Operação Básica,07/2024,"(7.000,00)"
Débito,Repasse,08/07/2024,8878393,"1.764,00",154,37.755.223/0001-79,CARRUSCA SOCIEDADE INDIVIDUAL DE ADVOCACIA,1.1.4 Serviços Advocatícios,,Operação Básica,07/2024,"(1.764,00)"
Débito,Repasse,08/07/2024,8880571,"24.401,00",171,03.513.723/0001-82,BLOCO ARQUITETOS ASSOCIADOS LTDA,3.4.1 Serviço arquitetônico,,Ambiente Promotor de Inovação,07/2024,"(24.401,00)"
Débito,Repasse,10/07/2024,8882685,"3.000,00",181,27.207.561/0001-12,ENTRENOS PLANEJAMENTO ESTRATEGICO LTDA,2.3.2 Serviço de Facilitação,,Datathon,07/2024,"(3.000,00)"
Débito,Repasse,10/07/2024,8884708,"8.000,00",30,08.913.490/0001-29,ZOIO INFORMATICA LTDA,1.1.1 Equipe de Coordenação,,Operação Básica,07/2024,"(8.000,00)"
Débito,Repasse,10/07/2024,8887730,"816,00",898,24.388.741/0001-50,FLUXO ADMINISTRACAO INTELIGENTE LTDA,1.1.5 Serviços de apoio administrativo e financeiro,,Operação Básica,07/2024,"(816,00)"
Débito,Repasse,12/07/2024,8890838,"2.400,00",8,21.945.546/0001-95,21.945.546 CELIO ZIDORIO,2.2.1 Eventos,,Datathon,07/2024,"(2.400,00)"
Débito,Repasse,12/07/2024,8890945,"7.000,00",71,47.339.597/0001-67,AFROIMPACTO TREINAMENTO E CONSULTORIA LTDA,1.2.2 Serviços de Especialistas,,Empreendedoras Tech,07/2024,"(7.000,00)"
Débito,Repasse,12/07/2024,8890951,"15.180,00",90,41.322.428/0001-38,MRFERNANDES SERVICOS ADMINISTRATIVOS LTDA,1.1.2 Equipe Gestão Financeira,,Empreendedoras Tech,07/2024,"(15.180,00)"
Débito,Repasse,17/07/2024,8895740,"81.743,35",1226,17.213.957/0001-19,MESA SOLUCOES EM INFORMATICA LTDA,2.3.2 Serviço de Facilitação,,Plataforma Desafio 3.0,07/2024,"(81.743,35)"
Débito,Repasse,18/07/2024,8899856,"576,00",119,28.256.167/0001-37,ARMONIC EVENTOS LTDA,2.2.1 Eventos,,Datathon,07/2024,"(576,00)"
Débito,Repasse,19/07/2024,8901986,"36.975,00",227,27.059.399/0001-32,IMPACT HUB BRASILIA LTDA,3.3.1 Serviço de Comunicação,,Datathon,07/2024,"(36.975,00)"
Débito,Repasse,22/07/2024,8904688,"825,00",9,40.096.472/0001-04,VICTOR JOSE PINTO DE ALMEIDA 12310666793,3.3.5 Serviço Editorial,,Datathon,07/2024,"(825,00)"
Débito,Repasse,26/07/2024,8911501,"2.400,00",9,21.945.546/0001-95,21.945.546 CELIO ZIDORIO,2.2.1 Eventos,,Datathon,07/2024,"(2.400,00)"
Débito,Repasse,29/07/2024,8915285,"12.672,00",122,28.256.167/0001-37,ARMONIC EVENTOS LTDA,2.2.1 Eventos,,Datathon,07/2024,"(12.672,00)"
Débito,Repasse,29/07/2024,8915383,"6.000,00",184,27.207.561/0001-12,ENTRENOS PLANEJAMENTO ESTRATEGICO LTDA,2.3.2 Serviço de Facilitação,,Datathon,07/2024,"(6.000,00)"
Débito,Repasse,30/07/2024,8919171,"800,00",3,54.618.146/0001-24,54.618.146 EMILLY DAMASCENO BARBOSA AMORIM,2.2.1 Eventos,,Datathon,07/2024,"(800,00)"
Débito,Repasse,05/08/2024,8946924,"17.106,89",1208,01.212.900/0001-65,INSIGHT RECURSOS HUMANOS LTDA,1.1.5 Serviços de apoio administrativo e financeiro,,Operação Básica,08/2024,"(17.106,89)"
Débito,Repasse,05/08/2024,8946991,"4.000,00",13,51.329.383/0001-87,51.329.383 LUANA NOVA PASSOS RAMOS,1.1.3 Equipe de Comunicação,,Empreendedoras Tech,08/2024,"(4.000,00)"
Débito,Repasse,05/08/2024,8946998,"7.000,00",13,53.594.223/0001-90,53.594.223 RUY BUENO DE ARRUDA CAMARGO NETO,4.1.1 Despesas com captação,,Operação Básica,08/2024,"(7.000,00)"
Débito,Repasse,05/08/2024,8947009,"4.500,00",15,42.535.257/0001-98,GIOVANA SAKAI ROQUE 05189928101,1.1.3 Equipe de Comunicação,,Operação Básica,08/2024,"(4.500,00)"
Débito,Repasse,05/08/2024,8947018,"2.348,00",2,42.779.002/0001-70,42.779.002 BRUNA ARAUJO DE SOUZA,1.1.2 Equipe Gestão Financeira,,Operação Básica,08/2024,"(2.348,00)"
Débito,Repasse,05/08/2024,8947032,"3.000,00",3,55.125.498/0001-00,55.125.498 AMANDA PEREIRA GOMES DA SILVA,1.2.2 Serviços de Especialistas,,Impulso Regional,08/2024,"(3.000,00)"
Débito,Repasse,05/08/2024,8947042,"2.700,00",3,55.169.662/0001-81,55.169.662 GIOVANNA MARQUES DOS SANTOS,3.2.4 Serviços de Eventos,,Operação Básica,08/2024,"(2.700,00)"
Débito,Repasse,05/08/2024,8947055,"4.896,00",59,48.204.632/0001-01,EMPREENDELAB DESENVOLVIMENTO LTDA,1.1.9 Equipe de Monitoramento,,Empreendedoras Tech,08/2024,"(4.896,00)"
Débito,Repasse,05/08/2024,8947065,"4.500,00",22,50.024.365/0001-24,50.024.365 MARIE MARIN PACHECO,1.2.2 Serviços de Especialistas,,Empreendedoras Tech,08/2024,"(4.500,00)"
Débito,Repasse,05/08/2024,8947078,"3.450,00",6,54.836.888/0001-26,54.836.888 LETICIA WEINERT ABREU,1.1.3 Equipe de Comunicação,,Empreendedoras Tech,08/2024,"(3.450,00)"
Débito,Repasse,05/08/2024,8947097,"7.000,00",7,47.339.597/0001-67,AFROIMPACTO TREINAMENTO E CONSULTORIA LTDA,1.2.2 Serviços de Especialistas,,Empreendedoras Tech,08/2024,"(7.000,00)"
Débito,Repasse,05/08/2024,8947108,"7.000,00",8,50.313.924/0001-16,50.313.924 THIAGO RODRIGUES REIS,1.1.2 Equipe Gestão Financeira,,Operação Básica,08/2024,"(7.000,00)"
Débito,Repasse,05/08/2024,8947136,"15.180,00",9,41.322.428/0001-38,MRFERNANDES SERVICOS ADMINISTRATIVOS LTDA,1.1.2 Equipe Gestão Financeira,,Empreendedoras Tech,08/2024,"(15.180,00)"
Débito,Repasse,06/08/2024,8948949,"1.425,00",7,068.817.941-00,NICOLLY PRIMO VIEIRA,1.1.3 Equipe de Comunicação,,Operação Básica,08/2024,"(1.425,00)"
Débito,Repasse,06/08/2024,8949773,"1.764,00",162,37.755.223/0001-79,CARRUSCA SOCIEDADE INDIVIDUAL DE ADVOCACIA,1.1.4 Serviços Advocatícios,,Operação Básica,08/2024,"(1.764,00)"
Débito,Repasse,08/08/2024,8953623,"2.300,00",5,55.215.114/0001-40,55.215.114 LUIZA MONTANHERI,1.2.2 Serviços de Especialistas,,Empreendedoras Tech,08/2024,"(2.300,00)"
Débito,Repasse,08/08/2024,8954734,"3.000,00",4,55.505.276/0001-13,RULIAN BELINSKI MAFTUM  LTDA,2.3.2 Serviço de Facilitação,,Impulso Regional,08/2024,"(3.000,00)"
Débito,Repasse,08/08/2024,8955149,"4.500,00",21,50.024.365/0001-24,50.024.365 MARIE MARIN PACHECO,1.2.2 Serviços de Especialistas,,Empreendedoras Tech,08/2024,"(4.500,00)"
Débito,Repasse,08/08/2024,8955151,"20.000,00",239,27.059.399/0001-32,IMPACT HUB BRASILIA LTDA,1.1.1 Equipe de Coordenação,,Impulso Regional,08/2024,"(20.000,00)"
Débito,Repasse,12/08/2024,8959966,"9.000,00",25,29.556.728/0001-86,A PONTE ASSESSORIA EM PROJETOS LTDA,1.1.1 Equipe de Coordenação,,Operação Básica,08/2024,"(9.000,00)"
Débito,Repasse,12/08/2024,8959972,"8.000,00",31,08.913.490/0001-29,ZOIO INFORMATICA LTDA,1.1.1 Equipe de Coordenação,,Operação Básica,08/2024,"(8.000,00)"
Débito,Repasse,12/08/2024,8961042,"2.300,00",7,55.215.114/0001-40,55.215.114 LUIZA MONTANHERI,1.2.2 Serviços de Especialistas,,Empreendedoras Tech,08/2024,"(2.300,00)"
Débito,Repasse,14/08/2024,8964182,"496,00",953,24.388.741/0001-50,FLUXO ADMINISTRACAO INTELIGENTE LTDA,1.1.5 Serviços de apoio administrativo e financeiro,,Operação Básica,08/2024,"(496,00)"
Débito,Repasse,16/08/2024,8968705,"1.696,50",2,18.702.797/0001-34,ASSOCIACAO IMPACT HUB BRASIL,1.1.8 Impostos,Reembolso ao Institucional,Plataforma Desafio 3.0,08/2024,"(1.696,50)"
Débito,Repasse,16/08/2024,8968708,"5.259,15",3,18.702.797/0001-34,ASSOCIACAO IMPACT HUB BRASIL,1.1.8 Impostos,Reembolso ao Institucional,Plataforma Desafio 3.0,08/2024,"(5.259,15)"
Débito,Repasse,16/08/2024,8968710,"149,00",4,18.702.797/0001-34,ASSOCIACAO IMPACT HUB BRASIL / Clicksign,1.1.5 Serviços de apoio administrativo e financeiro,Reembolso ao Institucional,Operação Básica,08/2024,"(149,00)"
Débito,Repasse,21/08/2024,8977298,"3.800,00",138,42.403.625/0001-44,NOUS DESIGN E COMUNICACAO LTDA,2.3.2 Serviço de Facilitação,,Operação Básica,08/2024,"(3.800,00)"
Débito,Repasse,29/08/2024,8991472,"7.000,00",9,50.313.924/0001-16,50.313.924 THIAGO RODRIGUES REIS,1.1.2 Equipe Gestão Financeira,,Operação Básica,08/2024,"(7.000,00)"
Débito,Repasse,03/09/2024,9001938,"4.000,00",14,51.329.383/0001-87,51.329.383 LUANA NOVA PASSOS RAMOS,1.1.3 Equipe de Comunicação,,Empreendedoras Tech,09/2024,"(4.000,00)"
Débito,Repasse,03/09/2024,9001944,"7.000,00",16,53.594.223/0001-90,53.594.223 RUY BUENO DE ARRUDA CAMARGO NETO,4.1.1 Despesas com captação,,Operação Básica,09/2024,"(7.000,00)"
Débito,Repasse,03/09/2024,9001975,"3.000,00",4,55.125.498/0001-00,55.125.498 AMANDA PEREIRA GOMES DA SILVA,1.2.2 Serviços de Especialistas,,Impulso Regional,09/2024,"(3.000,00)"
Débito,Repasse,03/09/2024,9001958,"9.000,00",26,29.556.728/0001-86,A PONTE ASSESSORIA EM PROJETOS LTDA,1.1.1 Equipe de Coordenação,,Operação Básica,09/2024,"(9.000,00)"
Débito,Repasse,03/09/2024,9001966,"3.000,00",3,42.779.002/0001-70,42.779.002 BRUNA ARAUJO DE SOUZA,1.1.2 Equipe Gestão Financeira,,Operação Básica,09/2024,"(3.000,00)"
Débito,Repasse,03/09/2024,9001985,"3.200,00",6,55.505.276/0001-13,RULIAN BELINSKI MAFTUM  LTDA,2.3.2 Serviço de Facilitação,,Impulso Regional,09/2024,"(3.200,00)"
Débito,Repasse,03/09/2024,9001981,"3.000,00",4,55.169.662/0001-81,55.169.662 GIOVANNA MARQUES DOS SANTOS,3.2.4 Serviços de Eventos,,Operação Básica,09/2024,"(3.000,00)"
Débito,Repasse,03/09/2024,9001950,"20.000,00",243,27.059.399/0001-32,IMPACT HUB BRASILIA LTDA,1.1.1 Equipe de Coordenação,,Impulso Regional,09/2024,"(20.000,00)"
Débito,Repasse,04/09/2024,9016496,"1.425,00",8,068.817.941-00,NICOLLY PRIMO VIEIRA,1.1.3 Equipe de Comunicação,,Operação Básica,09/2024,"(1.425,00)"
Débito,Repasse,04/09/2024,9016507,"586,00",11,51.063.679/0001-07,MILENA DE AGUIAR SOARES,1.1.3 Equipe de Comunicação,,Impulso Regional,09/2024,"(586,00)"
Débito,Repasse,04/09/2024,9016522,"4.500,00",23,50.024.365/0001-24,50.024.365 MARIE MARIN PACHECO,1.2.2 Serviços de Especialistas,,Empreendedoras Tech,09/2024,"(4.500,00)"
Débito,Repasse,04/09/2024,9016536,"8.000,00",32,08.913.490/0001-29,ZOIO INFORMATICA LTDA,1.1.1 Equipe de Coordenação,,Operação Básica,09/2024,"(8.000,00)"
Débito,Repasse,04/09/2024,9016556,"7.038,00",62,48.204.632/0001-01,EMPREENDELAB DESENVOLVIMENTO LTDA,1.1.9 Equipe de Monitoramento,,Empreendedoras Tech,09/2024,"(7.038,00)"
Débito,Repasse,04/09/2024,9016562,"3.450,00",7,54.836.888/0001-26,54.836.888 LETICIA WEINERT ABREU,1.1.3 Equipe de Comunicação,,Empreendedoras Tech,09/2024,"(3.450,00)"
Débito,Repasse,04/09/2024,9016564,"7.000,00",77,47.339.597/0001-67,AFROIMPACTO TREINAMENTO E CONSULTORIA LTDA,1.2.2 Serviços de Especialistas,,Empreendedoras Tech,09/2024,"(7.000,00)"
Débito,Repasse,04/09/2024,9016569,"2.300,00",8,55.215.114/0001-40,55.215.114 LUIZA MONTANHERI,1.2.2 Serviços de Especialistas,,Empreendedoras Tech,09/2024,"(2.300,00)"
Débito,Repasse,04/09/2024,9016576,"15.180,00",92,41.322.428/0001-38,MRFERNANDES SERVICOS ADMINISTRATIVOS LTDA,1.1.2 Equipe Gestão Financeira,,Empreendedoras Tech,09/2024,"(15.180,00)"
Débito,Repasse,05/09/2024,9023803,"432,00",1005,24.388.741/0001-50,FLUXO ADMINISTRACAO INTELIGENTE LTDA,1.1.5 Serviços de apoio administrativo e financeiro,,Operação Básica,09/2024,"(432,00)"
Débito,Repasse,05/09/2024,9024015,"149,00",5,18.702.797/0001-34,ASSOCIACAO IMPACT HUB BRASIL / Clicksign,1.1.5 Serviços de apoio administrativo e financeiro,Reembolso ao Institucional,Operação Básica,09/2024,"(149,00)"
Débito,Repasse,10/09/2024,9031573,"1.764,00",172,37.755.223/0001-79,CARRUSCA SOCIEDADE INDIVIDUAL DE ADVOCACIA,1.1.4 Serviços Advocatícios,,Operação Básica,09/2024,"(1.764,00)"
Débito,Repasse,10/09/2024,9032801,"4.500,00",16,42.535.257/0001-98,GIOVANA SAKAI ROQUE 05189928101,1.1.3 Equipe de Comunicação,,Operação Básica,09/2024,"(4.500,00)"
Débito,Repasse,10/09/2024,9032802,"13.940,00",26,32.953.373/0001-73,PROPOSITO PLANEJAMENTO LTDA,3.1.1 Serviço de Plataforma,,Plataforma Desafio 3.0,09/2024,"(13.940,00)"
Débito,Repasse,11/09/2024,9034173,"1.200,00",2014,24.724.626/0001-09,MARIANA DA COSTA PEDRO NOGUEIRA DA LUZ,1.3.2 Serviço de Avaliação,,Empreendedoras Tech,09/2024,"(1.200,00)"
Débito,Repasse,11/09/2024,9034214,"800,00",3107,15.426.923/0001-87,UEEK AGENCIA DIGITAL LTDA,1.3.2 Serviço de Avaliação,,Empreendedoras Tech,09/2024,"(800,00)"
Débito,Repasse,11/09/2024,9034676,"300,00",1441,13.377.560/0001-01,INSPIRA GESTAO E ESTRATEGIA LTDA,1.3.2 Serviço de Avaliação,,Empreendedoras Tech,09/2024,"(300,00)"
Débito,Repasse,11/09/2024,9034678,"300,00",3,26.689.549/0001-29,26.689.549 DEBORA FERNANDO DA SILVA,1.3.2 Serviço de Avaliação,,Empreendedoras Tech,09/2024,"(300,00)"
Débito,Repasse,11/09/2024,9034680,"300,00",54,43.481.861/0001-41,A PEREIRA DE OLIVEIRA  LTDA,1.3.2 Serviço de Avaliação,,Empreendedoras Tech,09/2024,"(300,00)"
Débito,Repasse,11/09/2024,9034681,"300,00",371,35.740.989/0001-54,H & H SERVICOS DIGITAIS LTDA,1.3.2 Serviço de Avaliação,,Empreendedoras Tech,09/2024,"(300,00)"
Débito,Repasse,12/09/2024,9038925,"150,00",8,54.325.344/0001-08,SHAIENE CARLOS BARBOSA,1.3.2 Serviço de Avaliação,,Empreendedoras Tech,09/2024,"(150,00)"
Débito,Repasse,12/09/2024,9038927,"300,00",1,55.430.023/0001-28,NARYANNE CRISTINA RAMOS SOUZA SOCIEDADE INDIVIDUAL DE ADVOCACIA,1.3.2 Serviço de Avaliação,,Empreendedoras Tech,09/2024,"(300,00)"
Débito,Repasse,12/09/2024,9038929,"150,00",118,28.024.713/0001-04,GIRL BOSS CONSULTORIA E ESTRATEGIA LTDA,1.3.2 Serviço de Avaliação,,Empreendedoras Tech,09/2024,"(150,00)"
Débito,Repasse,12/09/2024,9038930,"300,00",1884,48.265.093/0001-02,"P&A CONTABILIDADE, CONSULTORIA E ASSESSORIA S/S LTDA",1.3.2 Serviço de Avaliação,,Empreendedoras Tech,09/2024,"(300,00)"
Débito,Repasse,12/09/2024,9038932,"300,00",20,47.382.264/0001-10,MONICA DORIA GUIDONI LTDA,1.3.2 Serviço de Avaliação,,Empreendedoras Tech,09/2024,"(300,00)"
Débito,Repasse,12/09/2024,9038935,"300,00",204,26.210.073/0001-00,SAMANTA CRISTINA LOPES 18309084803,1.3.2 Serviço de Avaliação,,Empreendedoras Tech,09/2024,"(300,00)"
Débito,Repasse,12/09/2024,9038937,"300,00",27,43.485.803/0001-96,P S Y MATSUMOTO GESTAO EMPRESARIAL,1.3.2 Serviço de Avaliação,,Empreendedoras Tech,09/2024,"(300,00)"
Débito,Repasse,12/09/2024,9038940,"150,00",4,39.574.789/0001-20,ALAIDE ALEXANDRE BAPTISTA 78526442791,1.3.2 Serviço de Avaliação,,Empreendedoras Tech,09/2024,"(150,00)"
Débito,Repasse,12/09/2024,9038943,"300,00",6,54.434.890/0001-79,54.434.890 NATHALIA PAOLICCHI SAUD CALIL,1.3.2 Serviço de Avaliação,,Empreendedoras Tech,09/2024,"(300,00)"
Débito,Repasse,12/09/2024,9038945,"300,00",66,24.986.464/0001-87,ARANNDU TREINAMENTO DESENVOLVIMENTO E INOVACAO LTDA,1.3.2 Serviço de Avaliação,,Empreendedoras Tech,09/2024,"(300,00)"
Débito,Repasse,12/09/2024,9038947,"300,00",72,44.886.825/0001-20,44.886.825 THIARA GALDINO STIHLER,1.3.2 Serviço de Avaliação,,Empreendedoras Tech,09/2024,"(300,00)"
Débito,Repasse,13/09/2024,9039979,"570,00",49,50.367.636/0001-44,IVY CRISTINY N BRUNO LTDA,1.3.2 Serviço de Avaliação,,Empreendedoras Tech,09/2024,"(570,00)"
Débito,Repasse,13/09/2024,9039980,"300,00",69,33.158.897/0001-35,MARIA CAROLINA CLEMENTE 36862821865,1.3.2 Serviço de Avaliação,,Empreendedoras Tech,09/2024,"(300,00)"
Crédito,Repasse,16/09/2024,,"125.000,00",,,ENAP,0.0.0 Recurso,Aporte,Operação Básica,09/2024,"125.000,00"
Débito,Repasse,17/09/2024,9044604,"300,00",333,17.504.715/0001-84,17.504.715 LUANA CLARA DE SOUZA,1.3.2 Serviço de Avaliação,,Empreendedoras Tech,09/2024,"(300,00)"
Débito,Repasse,17/09/2024,9045330,"150,00",14,06.291.904/0001-08,MENTORI COMUNICACAO E MARKETING LTDA,1.3.2 Serviço de Avaliação,,Empreendedoras Tech,09/2024,"(150,00)"
Débito,Repasse,17/09/2024,9045331,"510,00",171,40.544.577/0001-89,NAYARA CAMPOS SOCIEDADE INDIVIDUAL DE ADVOCACIA,1.3.2 Serviço de Avaliação,,Empreendedoras Tech,09/2024,"(510,00)"
Débito,Repasse,17/09/2024,9045336,"7.000,00",188,27.793.145/0001-43,SM VENTURES GESTAO ADMINISTRATIVA LTDA,1.1.2 Equipe Gestão Financeira,,Operação Básica,09/2024,"(7.000,00)"
Débito,Repasse,17/09/2024,9045342,"1.200,00",2022,24.724.626/0001-09,MARIANA DA COSTA PEDRO NOGUEIRA DA LUZ,1.3.2 Serviço de Avaliação,,Empreendedoras Tech,09/2024,"(1.200,00)"
Débito,Repasse,19/09/2024,9048972,"450,00",19,48.658.986/0001-18,ROBERTO ALEXANDRE DIAS SANTOS & CIA LTDA,1.3.2 Serviço de Avaliação,,Empreendedoras Tech,09/2024,"(450,00)"
Débito,Repasse,19/09/2024,9048976,"1.200,00",2021,24.724.626/0001-09,MARIANA DA COSTA PEDRO NOGUEIRA DA LUZ,1.3.2 Serviço de Avaliação,,Empreendedoras Tech,09/2024,"(1.200,00)"
Débito,Repasse,30/09/2024,9067393,"825,00",13,40.096.472/0001-04,VICTOR JOSE PINTO DE ALMEIDA 12310666793,3.3.5 Serviço Editorial,,Datathon,09/2024,"(825,00)"
Débito,Repasse,30/09/2024,9067398,"18.000,00",163,33.217.529/0001-10,PANIC LOBSTER TECNOLOGIA LTDA,3.1.1 Serviço de Plataforma,,Impulso Regional,09/2024,"(18.000,00)"
Débito,Repasse,30/09/2024,9067399,"5.400,00",191,27.207.561/0001-12,ENTRENOS PLANEJAMENTO ESTRATEGICO LTDA,2.3.2 Serviço de Facilitação,,Feira Reversa,09/2024,"(5.400,00)"
Débito,Repasse,30/09/2024,9067841,"3.230,48",1,41.308.049/0001-93,ANALUI SERVICOS DIGITAIS LTDA,2.1.1 Bolsas,,Empreendedoras Tech,09/2024,"(3.230,48)"
Débito,Repasse,30/09/2024,9067842,"3.230,48",10,41.181.237/0001-01,NUDE SERVICOS DE PUBLICIDADE DE BELEZA LTDA,2.1.1 Bolsas,,Empreendedoras Tech,09/2024,"(3.230,48)"
Débito,Repasse,30/09/2024,9067843,"3.230,48",10,50.114.499/0001-36,50.114.499 INOVA SIMPLES (I.S.),2.1.1 Bolsas,,Empreendedoras Tech,09/2024,"(3.230,48)"
Débito,Repasse,30/09/2024,9067844,"3.230,48",6,54.338.625/0001-97,MOVE-E SOLUCOES SOCIOAMBIENTAIS E GOVERNANCA LTDA,2.1.1 Bolsas,,Empreendedoras Tech,09/2024,"(3.230,48)"
Débito,Repasse,30/09/2024,9067845,"3.230,48",72,40.706.759/0001-09,"HAPPEN DESENVOLVIMENTO DE SOFTWARE, TREINAMENTO E CURSOS LTDA",2.1.1 Bolsas,,Empreendedoras Tech,09/2024,"(3.230,48)"
Débito,Repasse,30/09/2024,9067848,"3.230,48",77,41.368.916/0001-86,INSTITUTO AB TREINAMENTO E CONSULTORIA PROFISSIONAL LTDA,2.1.1 Bolsas,,Empreendedoras Tech,09/2024,"(3.230,48)"
Débito,Repasse,01/10/2024,9072356,"4.000,00",15,51.329.383/0001-87,51.329.383 LUANA NOVA PASSOS RAMOS,1.1.3 Equipe de Comunicação,,Empreendedoras Tech,10/2024,"(4.000,00)"
Débito,Repasse,01/10/2024,9072362,"3.450,00",8,54.836.888/0001-26,54.836.888 LETICIA WEINERT ABREU,1.1.3 Equipe de Comunicação,,Empreendedoras Tech,10/2024,"(3.450,00)"
Débito,Repasse,01/10/2024,9072367,"3.000,00",5,55.125.498/0001-00,55.125.498 AMANDA PEREIRA GOMES DA SILVA,1.2.2 Serviços de Especialistas,,Impulso Regional,10/2024,"(3.000,00)"
Débito,Repasse,01/10/2024,9072376,"7.000,00",18,53.594.223/0001-90,53.594.223 RUY BUENO DE ARRUDA CAMARGO NETO,4.1.1 Despesas com captação,,Operação Básica,10/2024,"(7.000,00)"
Débito,Repasse,02/10/2024,9079052,"3.300,00",4,42.779.002/0001-70,42.779.002 BRUNA ARAUJO DE SOUZA,1.1.2 Equipe Gestão Financeira,,Operação Básica,10/2024,"(3.300,00)"
Débito,Repasse,02/10/2024,9079059,"2.500,00",12,51.063.679/0001-07,MILENA DE AGUIAR SOARES,1.1.3 Equipe de Comunicação,,Impulso Regional,10/2024,"(2.500,00)"
Débito,Repasse,02/10/2024,9079068,"1.425,00",9,068.817.941-00,NICOLLY PRIMO VIEIRA,1.1.3 Equipe de Comunicação,,Operação Básica,10/2024,"(1.425,00)"
Débito,Repasse,02/10/2024,9079074,"2.300,00",9,55.215.114/0001-40,55.215.114 LUIZA MONTANHERI,1.2.2 Serviços de Especialistas,,Empreendedoras Tech,10/2024,"(2.300,00)"
Débito,Repasse,02/10/2024,9079081,"3.000,00",5,55.169.662/0001-81,55.169.662 GIOVANNA MARQUES DOS SANTOS,3.2.4 Serviços de Eventos,,Operação Básica,10/2024,"(3.000,00)"
Débito,Repasse,02/10/2024,9079084,"9.000,00",27,29.556.728/0001-86,A PONTE ASSESSORIA EM PROJETOS LTDA,1.1.1 Equipe de Coordenação,,Operação Básica,10/2024,"(9.000,00)"
Débito,Repasse,02/10/2024,9079088,"20.000,00",252,27.059.399/0001-32,IMPACT HUB BRASILIA LTDA,1.1.1 Equipe de Coordenação,,Impulso Regional,10/2024,"(20.000,00)"
Débito,Repasse,02/10/2024,9079098,"4.500,00",17,42.535.257/0001-98,GIOVANA SAKAI ROQUE 05189928101,1.1.3 Equipe de Comunicação,,Operação Básica,10/2024,"(4.500,00)"
Débito,Repasse,03/10/2024,9094483,"5.000,00",16,55.505.276/0001-13,RULIAN BELINSKI MAFTUM  LTDA,2.3.2 Serviço de Facilitação,,Impulso Regional,10/2024,"(5.000,00)"
Débito,Repasse,03/10/2024,9094489,"4.500,00",24,50.024.365/0001-24,50.024.365 MARIE MARIN PACHECO,1.2.2 Serviços de Especialistas,,Empreendedoras Tech,10/2024,"(4.500,00)"
Débito,Repasse,03/10/2024,9094496,"8.000,00",33,08.913.490/0001-29,ZOIO INFORMATICA LTDA,1.1.1 Equipe de Coordenação,,Operação Básica,10/2024,"(8.000,00)"
Débito,Repasse,03/10/2024,9094500,"7.038,00",65,48.204.632/0001-01,EMPREENDELAB DESENVOLVIMENTO LTDA,1.1.9 Equipe de Monitoramento,,Empreendedoras Tech,10/2024,"(7.038,00)"
Débito,Repasse,03/10/2024,9094506,"7.000,00",79,47.339.597/0001-67,AFROIMPACTO TREINAMENTO E CONSULTORIA LTDA,1.2.2 Serviços de Especialistas,,Empreendedoras Tech,10/2024,"(7.000,00)"
Débito,Repasse,03/10/2024,9094510,"15.180,00",93,41.322.428/0001-38,MRFERNANDES SERVICOS ADMINISTRATIVOS LTDA,1.1.2 Equipe Gestão Financeira,,Empreendedoras Tech,10/2024,"(15.180,00)"
Débito,Repasse,04/10/2024,9096123,"1.209,00",6,18.702.797/0001-34,ASSOCIACAO IMPACT HUB BRASIL,1.1.8 Impostos,Reembolso ao Institucional,Plataforma Desafio 3.0,10/2024,"(1.209,00)"
Débito,Repasse,04/10/2024,9096206,"390,00",7,18.702.797/0001-34,ASSOCIACAO IMPACT HUB BRASIL,1.1.5 Serviços de apoio administrativo e financeiro,Reembolso ao Institucional,Ambiente Promotor de Inovação,10/2024,"(390,00)"
Débito,Repasse,04/10/2024,9098748,"6.082,35",8,18.702.797/0001-34,ASSOCIACAO IMPACT HUB BRASIL,1.1.5 Serviços de apoio administrativo e financeiro,Reembolso ao Institucional,Ambiente Promotor de Inovação,10/2024,"(6.082,35)"
Débito,Repasse,04/10/2024,9098752,"539,00",1350,01.212.900/0001-65,INSIGHT RECURSOS HUMANOS LTDA,1.1.5 Serviços de apoio administrativo e financeiro,,Operação Básica,10/2024,"(539,00)"
Débito,Repasse,04/10/2024,9098757,"246,80",1352,01.212.900/0001-65,INSIGHT RECURSOS HUMANOS LTDA,1.1.5 Serviços de apoio administrativo e financeiro,,Operação Básica,10/2024,"(246,80)"
Débito,Repasse,04/10/2024,9098760,"41.820,00",28,32.953.373/0001-73,PROPOSITO PLANEJAMENTO LTDA,3.1.1 Serviço de Plataforma,,Plataforma Desafio 3.0,10/2024,"(41.820,00)"
Débito,Repasse,04/10/2024,9098762,"431,20",1356,01.212.900/0001-65,INSIGHT RECURSOS HUMANOS LTDA,1.1.5 Serviços de apoio administrativo e financeiro,,Operação Básica,10/2024,"(431,20)"
Débito,Repasse,08/10/2024,9102402,"1.764,00",179,37.755.223/0001-79,CARRUSCA SOCIEDADE INDIVIDUAL DE ADVOCACIA,1.1.4 Serviços Advocatícios,,Operação Básica,10/2024,"(1.764,00)"
Débito,Repasse,08/10/2024,9102403,"616,00",1060,24.388.741/0001-50,FLUXO ADMINISTRACAO INTELIGENTE LTDA,1.1.5 Serviços de apoio administrativo e financeiro,,Operação Básica,10/2024,"(616,00)"
Débito,Repasse,14/10/2024,9107431,"3.250,00",145,42.403.625/0001-44,NOUS DESIGN E COMUNICACAO LTDA,2.3.2 Serviço de Facilitação,,Operação Básica,10/2024,"(3.250,00)"
Débito,Repasse,14/10/2024,9107433,"450,00",25,34.264.718/0001-07,DANIELLA CALFA VIEIRA COSTA 03618053576,1.3.2 Serviço de Avaliação,,Empreendedoras Tech,10/2024,"(450,00)"
Débito,Repasse,14/10/2024,9107435,"3.230,48",4,49.892.050/0001-10,TREXX BRASIL LTDA,2.1.1 Bolsas,,Empreendedoras Tech,10/2024,"(3.230,48)"
Débito,Repasse,14/10/2024,9107438,"550,00",24,37.604.860/0001-44,37.604.860 IVAN DE SOUZA,2.2.1 Eventos,,Impulso Regional,10/2024,"(550,00)"
Débito,Repasse,14/10/2024,9107440,"1.400,00",15,40.096.472/0001-04,VICTOR JOSE PINTO DE ALMEIDA 12310666793,3.3.5 Serviço Editorial,,Datathon,10/2024,"(1.400,00)"
Débito,Repasse,14/10/2024,9107443,"3.230,48",2,48.141.962/0001-97,GUMLIFEBRASIL TECNOLOGIA SUSTENTAVEL EM GOMAS NATURAIS E MODIFICADAS LTDA,2.1.1 Bolsas,,Empreendedoras Tech,10/2024,"(3.230,48)"
Débito,Repasse,14/10/2024,9108736,"7.000,00",208,27.793.145/0001-43,SM VENTURES GESTAO ADMINISTRATIVA LTDA,1.1.2 Equipe Gestão Financeira,,Operação Básica,10/2024,"(7.000,00)"
Débito,Repasse,14/10/2024,9109430,"3.230,48",414,39.625.055/0001-22,SARSA EDUCACIONAL LTDA,2.1.1 Bolsas,,Empreendedoras Tech,10/2024,"(3.230,48)"
Débito,Repasse,14/10/2024,9109434,"800,00",91,43.181.699/0001-46,CB CONSULTORIAS E TREINAMENTOS LTDA,1.3.2 Serviço de Avaliação,,Empreendedoras Tech,10/2024,"(800,00)"
Débito,Repasse,14/10/2024,9110524,"3.230,48",11,41.181.237/0001-01,NUDE SERVICOS DE PUBLICIDADE DE BELEZA LTDA,2.1.1 Bolsas,,Empreendedoras Tech,10/2024,"(3.230,48)"
Débito,Repasse,14/10/2024,9110529,"3.230,48",13,50.114.499/0001-36,50.114.499 INOVA SIMPLES (I.S.),2.1.1 Bolsas,,Empreendedoras Tech,10/2024,"(3.230,48)"
Débito,Repasse,14/10/2024,9110531,"3.230,48",3,41.308.049/0001-93,ANALUI SERVICOS DIGITAIS LTDA,2.1.1 Bolsas,,Empreendedoras Tech,10/2024,"(3.230,48)"
Débito,Repasse,14/10/2024,9110534,"3.230,48",75,40.706.759/0001-09,"HAPPEN DESENVOLVIMENTO DE SOFTWARE, TREINAMENTO E CURSOS LTDA",2.1.1 Bolsas,,Empreendedoras Tech,10/2024,"(3.230,48)"
Débito,Repasse,14/10/2024,9110536,"3.230,48",8,54.338.625/0001-97,MOVE-E SOLUCOES SOCIOAMBIENTAIS E GOVERNANCA LTDA,2.1.1 Bolsas,,Empreendedoras Tech,10/2024,"(3.230,48)"
Débito,Repasse,17/10/2024,9117703,"179,56",9,18.702.797/0001-34,ASSOCIACAO IMPACT HUB BRASIL,1.1.5 Serviços de apoio administrativo e financeiro,Reembolso ao Institucional,Operação Básica,10/2024,"(179,56)"
Débito,Repasse,17/10/2024,9117706,"800,00",119,19.564.395/0001-83,DUMA - HUB DE INOVACAO CRIATIVA E PRODUCAO ARTISITICA LTDA,1.3.2 Serviço de Avaliação,,Empreendedoras Tech,10/2024,"(800,00)"
Débito,Repasse,17/10/2024,9117711,"800,00",28,39.989.297/0001-03,39.989.297 JESSICA ROSA TRINDADE,1.3.2 Serviço de Avaliação,,Empreendedoras Tech,10/2024,"(800,00)"
Débito,Repasse,17/10/2024,9117713,"5.400,00",193,27.207.561/0001-12,ENTRENOS PLANEJAMENTO ESTRATEGICO LTDA,2.3.2 Serviço de Facilitação,,Feira Reversa,10/2024,"(5.400,00)"
Débito,Repasse,17/10/2024,9117715,"800,00",17,44.430.311/0001-66,THAIS OLIVEIRA BOMFIM 05170925573,1.3.2 Serviço de Avaliação,,Empreendedoras Tech,10/2024,"(800,00)"
Débito,Repasse,23/10/2024,9127417,"3.230,48",3,48.141.962/0001-97,GUMLIFEBRASIL TECNOLOGIA SUSTENTAVEL EM GOMAS NATURAIS E MODIFICADAS LTDA,2.1.1 Bolsas,,Empreendedoras Tech,10/2024,"(3.230,48)"
Débito,Repasse,23/10/2024,9127419,"3.230,48",5,49.892.050/0001-10,TREXX BRASIL LTDA,2.1.1 Bolsas,,Empreendedoras Tech,10/2024,"(3.230,48)"
Débito,Repasse,23/10/2024,9127424,"3.230,48",7,41.368.916/0001-86,INSTITUTO AB TREINAMENTO E CONSULTORIA PROFISSIONAL LTDA,2.1.1 Bolsas,,Empreendedoras Tech,10/2024,"(3.230,48)"
Débito,Repasse,23/10/2024,9127443,"1.250,00",45,54.541.579/0001-29,CRIA SERVICOS AUDIOVISUAIS LTDA,3.3.4 Serviço Audiovisual,,Impulso Regional,10/2024,"(1.250,00)"
Débito,Repasse,23/10/2024,9127433,"200,00",195,27.207.561/0001-12,ENTRENOS PLANEJAMENTO ESTRATEGICO LTDA,2.3.2 Serviço de Facilitação,,Feira Reversa,10/2024,"(200,00)"
Débito,Repasse,23/10/2024,9127437,"3.230,48",423,39.625.055/0001-22,SARSA EDUCACIONAL LTDA,2.1.1 Bolsas,,Empreendedoras Tech,10/2024,"(3.230,48)"
Débito,Repasse,23/10/2024,9127428,"5.500,00",119,24.864.752/0001-69,MARCELLO MARQUES ESPIRITO SANTO SERVICOS E TREINAMENTOS LTDA,3.5.1 Gestão de comunidades,,Impulso Regional,10/2024,"(5.500,00)"
Débito,Repasse,24/10/2024,9129421,"149,00",10,18.702.797/0001-34,ASSOCIACAO IMPACT HUB BRASIL / Clicksign,1.1.5 Serviços de apoio administrativo e financeiro,Reembolso ao Institucional,Operação Básica,10/2024,"(149,00)"
Débito,Repasse,24/10/2024,9129424,"149,00",11,18.702.797/0001-34,ASSOCIACAO IMPACT HUB BRASIL / Clicksign,1.1.5 Serviços de apoio administrativo e financeiro,Reembolso ao Institucional,Operação Básica,10/2024,"(149,00)"
Débito,Repasse,24/10/2024,9129428,"300,00",20,45.938.267/0001-62,MARIANA FERNANDES MACHADO 00632822910,1.3.2 Serviço de Avaliação,,Empreendedoras Tech,10/2024,"(300,00)"
Débito,Repasse,24/10/2024,9129429,"800,00",960,22.054.021/0001-22,WP CAPITAL ASSESSORIA FINANCEIRA LTDA,1.3.2 Serviço de Avaliação,,Empreendedoras Tech,10/2024,"(800,00)"
Débito,Repasse,24/10/2024,9129430,"300,00",3,55.609.332/0001-60,55.609.332 MARILENE PEREIRA DE CASTRO,1.3.2 Serviço de Avaliação,,Empreendedoras Tech,10/2024,"(300,00)"
Débito,Repasse,30/10/2024,9137149,"250,00",1426,01.212.900/0001-65,INSIGHT RECURSOS HUMANOS LTDA,1.1.5 Serviços de apoio administrativo e financeiro,,Operação Básica,10/2024,"(250,00)"
Débito,Repasse,30/10/2024,9137153,"300,00",3,49.073.613/0001-48,49.073.613 LAURA MANGANOTE,1.3.2 Serviço de Avaliação,,Empreendedoras Tech,10/2024,"(300,00)"
Débito,Repasse,30/10/2024,9137161,"41.820,00",30,32.953.373/0001-73,PROPOSITO PLANEJAMENTO LTDA,3.1.1 Serviço de Plataforma,,Plataforma Desafio 3.0,10/2024,"(41.820,00)"
Débito,Repasse,01/11/2024,9144448,"9.903,07",1234,26.882.215/0001-77,IMPRIMINDO IDEIAS LTDA,2.2.1 Eventos,,Feira Reversa,11/2024,"(9.903,07)"
Débito,Repasse,05/11/2024,9165467,"1.425,00",10,068.817.941-00,NICOLLY PRIMO VIEIRA,1.1.3 Equipe de Comunicação,,Operação Básica,11/2024,"(1.425,00)"
Débito,Repasse,05/11/2024,9165470,"2.300,00",10,55.215.114/0001-40,55.215.114 LUIZA MONTANHERI,1.2.2 Serviços de Especialistas,,Empreendedoras Tech,11/2024,"(2.300,00)"
Débito,Repasse,05/11/2024,9165473,"2.500,00",13,51.063.679/0001-07,MILENA DE AGUIAR SOARES,1.1.3 Equipe de Comunicação,,Impulso Regional,11/2024,"(2.500,00)"
Débito,Repasse,05/11/2024,9165475,"4.500,00",18,42.535.257/0001-98,GIOVANA SAKAI ROQUE 05189928101,1.1.3 Equipe de Comunicação,,Operação Básica,11/2024,"(4.500,00)"
Débito,Repasse,05/11/2024,9165519,"3.000,00",6,55.125.498/0001-00,55.125.498 AMANDA PEREIRA GOMES DA SILVA,1.2.2 Serviços de Especialistas,,Impulso Regional,11/2024,"(3.000,00)"
Débito,Repasse,05/11/2024,9165482,"4.000,00",18,51.329.383/0001-87,51.329.383 LUANA NOVA PASSOS RAMOS,1.1.3 Equipe de Comunicação,,Empreendedoras Tech,11/2024,"(4.000,00)"
Débito,Repasse,05/11/2024,9165485,"3.450,00",18,54.836.888/0001-26,54.836.888 LETICIA WEINERT ABREU,1.1.3 Equipe de Comunicação,,Empreendedoras Tech,11/2024,"(3.450,00)"
Débito,Repasse,05/11/2024,9165488,"7.000,00",20,53.594.223/0001-90,53.594.223 RUY BUENO DE ARRUDA CAMARGO NETO,4.1.1 Despesas com captação,,Operação Básica,11/2024,"(7.000,00)"
Débito,Repasse,05/11/2024,9165478,"5.000,00",18,55.505.276/0001-13,RULIAN BELINSKI MAFTUM  LTDA,2.3.2 Serviço de Facilitação,,Impulso Regional,11/2024,"(5.000,00)"
Débito,Repasse,05/11/2024,9165498,"4.500,00",25,50.024.365/0001-24,50.024.365 MARIE MARIN PACHECO,1.2.2 Serviços de Especialistas,,Empreendedoras Tech,11/2024,"(4.500,00)"
Débito,Repasse,05/11/2024,9165502,"9.000,00",29,29.556.728/0001-86,A PONTE ASSESSORIA EM PROJETOS LTDA,1.1.1 Equipe de Coordenação,,Operação Básica,11/2024,"(9.000,00)"
Débito,Repasse,05/11/2024,9165507,"3.300,00",5,42.779.002/0001-70,42.779.002 BRUNA ARAUJO DE SOUZA,1.1.2 Equipe Gestão Financeira,,Operação Básica,11/2024,"(3.300,00)"
Débito,Repasse,05/11/2024,9165512,"3.000,00",6,55.169.662/0001-81,55.169.662 GIOVANNA MARQUES DOS SANTOS,3.2.4 Serviços de Eventos,,Operação Básica,11/2024,"(3.000,00)"
Débito,Repasse,05/11/2024,9165493,"20.000,00",225,27.059.399/0001-32,IMPACT HUB BRASILIA LTDA,1.1.1 Equipe de Coordenação,,Impulso Regional,11/2024,"(20.000,00)"
Débito,Repasse,05/11/2024,9165524,"7.038,00",69,48.204.632/0001-01,EMPREENDELAB DESENVOLVIMENTO LTDA,1.1.9 Equipe de Monitoramento,,Empreendedoras Tech,11/2024,"(7.038,00)"
Débito,Repasse,05/11/2024,9165534,"7.000,00",82,47.339.597/0001-67,AFROIMPACTO TREINAMENTO E CONSULTORIA LTDA,1.2.2 Serviços de Especialistas,,Empreendedoras Tech,11/2024,"(7.000,00)"
Débito,Repasse,05/11/2024,9165541,"15.180,00",95,41.322.428/0001-38,MRFERNANDES SERVICOS ADMINISTRATIVOS LTDA,1.1.2 Equipe Gestão Financeira,,Empreendedoras Tech,11/2024,"(15.180,00)"
Débito,Repasse,05/11/2024,9165624,"8.000,00",34,08.913.490/0001-29,ZOIO INFORMATICA LTDA,1.1.1 Equipe de Coordenação,,Operação Básica,11/2024,"(8.000,00)"
Débito,Repasse,08/11/2024,9174839,"784,00",1114,24.388.741/0001-50,FLUXO ADMINISTRACAO INTELIGENTE LTDA,1.1.5 Serviços de apoio administrativo e financeiro,,Operação Básica,11/2024,"(784,00)"
Débito,Repasse,08/11/2024,9174844,"1.250,00",51,54.541.579/0001-29,CRIA SERVICOS AUDIOVISUAIS LTDA,3.3.4 Serviço Audiovisual,,Impulso Regional,11/2024,"(1.250,00)"
Débito,Repasse,11/11/2024,9181272,"550,00",31,37.604.860/0001-44,37.604.860 IVAN DE SOUZA,2.2.1 Eventos,,Impulso Regional,11/2024,"(550,00)"
Débito,Repasse,11/11/2024,9181256,"1.764,00",188,37.755.223/0001-79,CARRUSCA SOCIEDADE INDIVIDUAL DE ADVOCACIA,1.1.4 Serviços Advocatícios,,Operação Básica,11/2024,"(1.764,00)"
Débito,Repasse,11/11/2024,9181253,"12.000,00",166,33.217.529/0001-10,PANIC LOBSTER TECNOLOGIA LTDA,3.1.1 Serviço de Plataforma,,Impulso Regional,11/2024,"(12.000,00)"
Débito,Repasse,11/11/2024,9181276,"9.750,00",52,54.541.579/0001-29,CRIA SERVICOS AUDIOVISUAIS LTDA,3.3.4 Serviço Audiovisual,,Feira Reversa,11/2024,"(9.750,00)"
Débito,Repasse,14/11/2024,9190062,"7.000,00",218,27.793.145/0001-43,SM VENTURES GESTAO ADMINISTRATIVA LTDA,1.1.2 Equipe Gestão Financeira,,Operação Básica,11/2024,"(7.000,00)"
Débito,Repasse,14/11/2024,9190069,"7.845,00",262,27.059.399/0001-32,IMPACT HUB BRASILIA LTDA,3.3.3 Produção de peças de comunicação,,Datathon,11/2024,"(7.845,00)"
Crédito,Repasse,14/11/2024,,"139.000,00",,,ENAP,0.0.0 Recurso,Aporte,Plataforma Desafio 3.0,11/2024,"139.000,00"
Débito,Repasse,19/11/2024,9192747,"29.500,00",264,27.059.399/0001-32,IMPACT HUB BRASILIA LTDA,3.3.1 Serviço de Comunicação,,Feira Reversa,11/2024,"(29.500,00)"
Débito,Repasse,19/11/2024,9196372,"800,00",561,17.655.323/0001-16,LIDEHRA COACHING E DESENVOLVIMENTO LTDA,1.3.2 Serviço de Avaliação,,Empreendedoras Tech,11/2024,"(800,00)"
Débito,Repasse,19/11/2024,9196376,"800,00",2,43.313.628/0001-50,43.313.628 TEREZA CRISTINA DE OLIVEIRA,1.3.2 Serviço de Avaliação,,Empreendedoras Tech,11/2024,"(800,00)"
Débito,Repasse,19/11/2024,9196384,"149,00",12,18.702.797/0001-34,ASSOCIACAO IMPACT HUB BRASIL / Clicksign,1.1.5 Serviços de apoio administrativo e financeiro,Reembolso ao Institucional,Operação Básica,11/2024,"(149,00)"
Débito,Repasse,22/11/2024,9192753,"29.500,00",265,27.059.399/0001-32,IMPACT HUB BRASILIA LTDA,3.3.1 Serviço de Comunicação,,Impulso Regional,11/2024,"(29.500,00)"
Débito,Repasse,02/12/2024,9241123,"3.000,00",7,55.169.662/0001-81,55.169.662 GIOVANNA MARQUES DOS SANTOS,3.2.4 Serviços de Eventos,,Operação Básica,12/2024,"(3.000,00)"
Débito,Repasse,02/12/2024,9241137,"3.300,00",7,42.779.002/0001-70,42.779.002 BRUNA ARAUJO DE SOUZA,1.1.2 Equipe Gestão Financeira,,Operação Básica,12/2024,"(3.300,00)"
Débito,Repasse,02/12/2024,9241172,"5.000,00",19,55.505.276/0001-13,RULIAN BELINSKI MAFTUM  LTDA,2.3.2 Serviço de Facilitação,,Impulso Regional,12/2024,"(5.000,00)"
Débito,Repasse,02/12/2024,9241146,"20.000,00",266,27.059.399/0001-32,IMPACT HUB BRASILIA LTDA,1.1.1 Equipe de Coordenação,,Impulso Regional,12/2024,"(20.000,00)"
Débito,Repasse,02/12/2024,9241161,"4.500,00",19,42.535.257/0001-98,GIOVANA SAKAI ROQUE 05189928101,1.1.3 Equipe de Comunicação,,Operação Básica,12/2024,"(4.500,00)"
Débito,Repasse,02/12/2024,9241170,"1.425,00",11,068.817.941-00,NICOLLY PRIMO VIEIRA,1.1.3 Equipe de Comunicação,,Operação Básica,12/2024,"(1.425,00)"
Débito,Repasse,02/12/2024,9241153,"29.500,00",263,27.059.399/0001-32,IMPACT HUB BRASILIA LTDA,3.3.1 Serviço de Comunicação,,Impulso Regional,12/2024,"(29.500,00)"
Débito,Repasse,03/12/2024,9249381,"7.000,00",22,53.594.223/0001-90,53.594.223 RUY BUENO DE ARRUDA CAMARGO NETO,4.1.1 Despesas com captação,,Operação Básica,12/2024,"(7.000,00)"
Débito,Repasse,03/12/2024,9249385,"4.500,00",26,50.024.365/0001-24,50.024.365 MARIE MARIN PACHECO,1.2.2 Serviços de Especialistas,,Empreendedoras Tech,12/2024,"(4.500,00)"
Débito,Repasse,03/12/2024,9249390,"9.000,00",30,29.556.728/0001-86,A PONTE ASSESSORIA EM PROJETOS LTDA,1.1.1 Equipe de Coordenação,,Operação Básica,12/2024,"(9.000,00)"
Débito,Repasse,03/12/2024,9249394,"3.000,00",7,55.125.498/0001-00,55.125.498 AMANDA PEREIRA GOMES DA SILVA,1.2.2 Serviços de Especialistas,,Impulso Regional,12/2024,"(3.000,00)"
Débito,Repasse,03/12/2024,9249399,"15.180,00",96,41.322.428/0001-38,MRFERNANDES SERVICOS ADMINISTRATIVOS LTDA,1.1.2 Equipe Gestão Financeira,,Empreendedoras Tech,12/2024,"(15.180,00)"
Débito,Repasse,03/12/2024,9249401,"7.000,00",84,47.339.597/0001-67,AFROIMPACTO TREINAMENTO E CONSULTORIA LTDA,1.2.2 Serviços de Especialistas,,Empreendedoras Tech,12/2024,"(7.000,00)"
Débito,Repasse,05/12/2024,9264307,"100,00",36,37.604.860/0001-44,37.604.860 IVAN DE SOUZA,2.2.1 Eventos,,Impulso Regional,12/2024,"(100,00)"
Débito,Repasse,05/12/2024,9258867,"4.000,00",19,51.329.383/0001-87,51.329.383 LUANA NOVA PASSOS RAMOS,1.1.3 Equipe de Comunicação,,Empreendedoras Tech,12/2024,"(4.000,00)"
Débito,Repasse,05/12/2024,9258875,"3.450,00",19,54.836.888/0001-26,54.836.888 LETICIA WEINERT ABREU,1.1.3 Equipe de Comunicação,,Empreendedoras Tech,12/2024,"(3.450,00)"
Débito,Repasse,05/12/2024,9258881,"7.038,00",72,48.204.632/0001-01,EMPREENDELAB DESENVOLVIMENTO LTDA,1.1.9 Equipe de Monitoramento,,Empreendedoras Tech,12/2024,"(7.038,00)"
Débito,Repasse,05/12/2024,9264286,"400,00",1,43.991.641/0001-68,43.991.641 SHIOBHAN OHANNA TARCA,2.2.1 Eventos,,Feira Reversa,12/2024,"(400,00)"
Débito,Repasse,05/12/2024,9258859,"2.500,00",14,51.063.679/0001-07,MILENA DE AGUIAR SOARES,1.1.3 Equipe de Comunicação,,Impulso Regional,12/2024,"(2.500,00)"
Débito,Repasse,05/12/2024,9264293,"1.400,00",17,40.096.472/0001-04,VICTOR JOSE PINTO DE ALMEIDA 12310666793,3.3.5 Serviço Editorial,,Datathon,12/2024,"(1.400,00)"
Débito,Repasse,05/12/2024,9264299,"2.772,00",21,50.919.079/0001-27,50.919.079 MAIA GUERREIRO KRUSCINSCKI,1.2.2 Serviços de Especialistas,,Empreendedoras Tech,12/2024,"(2.772,00)"
Débito,Repasse,05/12/2024,9264302,"6.000,00",24,51.483.793/0001-88,CAROLINA TOMAZ BARBOSA LTDA,1.2.2 Serviços de Especialistas,,Operação Básica,12/2024,"(6.000,00)"
Débito,Repasse,05/12/2024,9264305,"41.820,00",32,32.953.373/0001-73,PROPOSITO PLANEJAMENTO LTDA,3.1.1 Serviço de Plataforma,,Plataforma Desafio 3.0,12/2024,"(41.820,00)"
Débito,Repasse,05/12/2024,9264288,"30.000,00",168,33.217.529/0001-10,PANIC LOBSTER TECNOLOGIA LTDA,3.1.1 Serviço de Plataforma,,Impulso Regional,12/2024,"(30.000,00)"
Débito,Repasse,06/12/2024,9265079,"3.230,48",10,54.338.625/0001-97,MOVE-E SOLUCOES SOCIOAMBIENTAIS E GOVERNANCA LTDA,2.1.1 Bolsas,,Empreendedoras Tech,12/2024,"(3.230,48)"
Débito,Repasse,06/12/2024,9265082,"3.230,48",12,41.181.237/0001-01,NUDE SERVICOS DE PUBLICIDADE DE BELEZA LTDA,2.1.1 Bolsas,,Empreendedoras Tech,12/2024,"(3.230,48)"
Débito,Repasse,06/12/2024,9265084,"3.230,48",16,50.114.499/0001-36,50.114.499 INOVA SIMPLES (I.S.),2.1.1 Bolsas,,Empreendedoras Tech,12/2024,"(3.230,48)"
Débito,Repasse,06/12/2024,9265086,"400,00",2,43.991.641/0001-68,43.991.641 SHIOBHAN OHANNA TARCA,2.2.1 Eventos,,Feira Reversa,12/2024,"(400,00)"
Débito,Repasse,06/12/2024,9265088,"3.230,48",4,48.141.962/0001-97,GUMLIFEBRASIL TECNOLOGIA SUSTENTAVEL EM GOMAS NATURAIS E MODIFICADAS LTDA,2.1.1 Bolsas,,Empreendedoras Tech,12/2024,"(3.230,48)"
Débito,Repasse,06/12/2024,9265090,"3.230,48",432,39.625.055/0001-22,SARSA EDUCACIONAL LTDA,2.1.1 Bolsas,,Empreendedoras Tech,12/2024,"(3.230,48)"
Débito,Repasse,06/12/2024,9265092,"3.230,48",5,41.308.049/0001-93,ANALUI SERVICOS DIGITAIS LTDA,2.1.1 Bolsas,,Empreendedoras Tech,12/2024,"(3.230,48)"
Débito,Repasse,06/12/2024,9265094,"3.230,48",78,40.706.759/0001-09,"HAPPEN DESENVOLVIMENTO DE SOFTWARE, TREINAMENTO E CURSOS LTDA",2.1.1 Bolsas,,Empreendedoras Tech,12/2024,"(3.230,48)"
Débito,Repasse,06/12/2024,9265095,"3.230,48",84,41.368.916/0001-86,INSTITUTO AB TREINAMENTO E CONSULTORIA PROFISSIONAL LTDA,2.1.1 Bolsas,,Empreendedoras Tech,12/2024,"(3.230,48)"
Débito,Repasse,06/12/2024,9265633,"3.230,48",6,49.892.050/0001-10,TREXX BRASIL LTDA,2.1.1 Bolsas,,Empreendedoras Tech,12/2024,"(3.230,48)"
Débito,Repasse,06/12/2024,9268113,"1.775,00",95,26.990.502/0001-09,GISELE LIMA ROCHA LTDA,1.2.2 Serviços de Especialistas,,Ambiente Promotor de Inovação,12/2024,"(1.775,00)"
Débito,Repasse,10/12/2024,9275507,"472,00",1177,24.388.741/0001-50,FLUXO ADMINISTRACAO INTELIGENTE LTDA,1.1.5 Serviços de apoio administrativo e financeiro,,Operação Básica,12/2024,"(472,00)"
Débito,Repasse,10/12/2024,9275509,"1.764,00",195,37.755.223/0001-79,CARRUSCA SOCIEDADE INDIVIDUAL DE ADVOCACIA,1.1.4 Serviços Advocatícios,,Operação Básica,12/2024,"(1.764,00)"
Débito,Repasse,10/12/2024,9275513,"7.000,00",234,27.793.145/0001-43,SM VENTURES GESTAO ADMINISTRATIVA LTDA,1.1.2 Equipe Gestão Financeira,,Operação Básica,12/2024,"(7.000,00)"
Débito,Repasse,10/12/2024,9275514,"8.000,00",35,08.913.490/0001-29,ZOIO INFORMATICA LTDA,1.1.1 Equipe de Coordenação,,Operação Básica,12/2024,"(8.000,00)"
Débito,Repasse,10/12/2024,9275517,"100,00",38,37.604.860/0001-44,37.604.860 IVAN DE SOUZA,2.2.1 Eventos,,Impulso Regional,12/2024,"(100,00)"
Débito,Repasse,11/12/2024,9278822,"450,00",2,57.231.856/0001-95,BBCB LTDA,2.3.1 Serviços de Mentoria,,Empreendedoras Tech,12/2024,"(450,00)"
Débito,Repasse,11/12/2024,9278823,"450,00",101,43.181.699/0001-46,CB CONSULTORIAS E TREINAMENTOS LTDA,2.3.1 Serviços de Mentoria,,Empreendedoras Tech,12/2024,"(450,00)"
Débito,Repasse,11/12/2024,9278828,"1.350,00",129,19.564.395/0001-83,DUMA - HUB DE INOVACAO CRIATIVA E PRODUCAO ARTISITICA LTDA,2.3.1 Serviços de Mentoria,,Empreendedoras Tech,12/2024,"(1.350,00)"
Débito,Repasse,11/12/2024,9278834,"900,00",1463,13.377.560/0001-01,INSPIRA GESTAO E ESTRATEGIA LTDA,2.3.1 Serviços de Mentoria,,Empreendedoras Tech,12/2024,"(900,00)"
Débito,Repasse,11/12/2024,9278839,"900,00",16,48.582.483/0001-06,PONTEIA CONSULTORIA LTDA,2.3.1 Serviços de Mentoria,,Empreendedoras Tech,12/2024,"(900,00)"
Débito,Repasse,11/12/2024,9278845,"900,00",25,48.658.986/0001-18,ROBERTO ALEXANDRE DIAS SANTOS & CIA LTDA,2.3.1 Serviços de Mentoria,,Empreendedoras Tech,12/2024,"(900,00)"
Débito,Repasse,11/12/2024,9278850,"900,00",26,50.707.303/0001-17,CT CONSULTORIA DE NOVOS NEGOCIOS LTDA,2.3.1 Serviços de Mentoria,,Empreendedoras Tech,12/2024,"(900,00)"
Débito,Repasse,11/12/2024,9278856,"1.350,00",29,41.719.200/0001-86,JESSICA MOREIRA CAETANO LIMITADA,2.3.1 Serviços de Mentoria,,Empreendedoras Tech,12/2024,"(1.350,00)"
Débito,Repasse,11/12/2024,9278866,"1.350,00",30,39.989.297/0001-03,39.989.297 JESSICA ROSA TRINDADE,2.3.1 Serviços de Mentoria,,Empreendedoras Tech,12/2024,"(1.350,00)"
Débito,Repasse,11/12/2024,9278871,"1.350,00",3131,15.426.923/0001-87,UEEK AGENCIA DIGITAL LTDA,2.3.1 Serviços de Mentoria,,Empreendedoras Tech,12/2024,"(1.350,00)"
Débito,Repasse,11/12/2024,9278875,"450,00",318,19.353.979/0001-00,ANGELO BEIGIN PUBLICIDADE,2.3.1 Serviços de Mentoria,,Empreendedoras Tech,12/2024,"(450,00)"
Débito,Repasse,11/12/2024,9278881,"450,00",47,23.051.356/0001-50,EMPREENDE INOVACAO LTDA,2.3.1 Serviços de Mentoria,,Empreendedoras Tech,12/2024,"(450,00)"
Débito,Repasse,11/12/2024,9278885,"450,00",62,41.027.175/0001-70,GIULIA WADA FRIGUGLIETTI LTDA,2.3.1 Serviços de Mentoria,,Empreendedoras Tech,12/2024,"(450,00)"
Débito,Repasse,11/12/2024,9278891,"900,00",697,21.534.164/0001-79,CLUBE DE NEGOCIOS COWORKING LTDA.,2.3.1 Serviços de Mentoria,,Empreendedoras Tech,12/2024,"(900,00)"
Débito,Repasse,11/12/2024,9278906,"900,00",96,48.777.427/0001-27,DAYSI MENDES CONSULTORIA E TREINAMENTOS LTDA.,2.3.1 Serviços de Mentoria,,Empreendedoras Tech,12/2024,"(900,00)"
Débito,Repasse,12/12/2024,9283371,"15,00",13,18.702.797/0001-34,ASSOCIACAO IMPACT HUB BRASIL,1.1.5 Serviços de apoio administrativo e financeiro,Reembolso ao Institucional,Operação Básica,12/2024,"(15,00)"
Débito,Repasse,12/12/2024,9283378,"900,00",12,41.383.328/0001-11,BIOSAB LEVEDURAS LTDA,2.3.1 Serviços de Mentoria,,Empreendedoras Tech,12/2024,"(900,00)"
Débito,Repasse,12/12/2024,9283390,"900,00",18,36.324.480/0001-93,ZFN CAPACITACAO E ESTRATEGIAS DE RESULTADOS LTDA,2.3.1 Serviços de Mentoria,,Empreendedoras Tech,12/2024,"(900,00)"
Débito,Repasse,12/12/2024,9283395,"450,00",18,52.596.294/0001-60,RE.GENERA CONSULTORIA LTDA,2.3.1 Serviços de Mentoria,,Empreendedoras Tech,12/2024,"(450,00)"
Débito,Repasse,12/12/2024,9283396,"450,00",19,44.430.311/0001-66,THAIS OLIVEIRA BOMFIM 05170925573,1.3.2 Serviço de Avaliação,,Empreendedoras Tech,12/2024,"(450,00)"
Débito,Repasse,12/12/2024,9283398,"900,00",23,14.780.465/0001-17,14.780.465 PRISCILA MERCIA SANTOS DO NASCIMENTO,2.3.1 Serviços de Mentoria,,Empreendedoras Tech,12/2024,"(900,00)"
Débito,Repasse,12/12/2024,9283401,"450,00",261,40.544.577/0001-89,NAYARA CAMPOS SOCIEDADE INDIVIDUAL DE ADVOCACIA,2.3.1 Serviços de Mentoria,,Empreendedoras Tech,12/2024,"(450,00)"
Débito,Repasse,12/12/2024,9283408,"900,00",29,22.000.998/0001-67,MULTIPLAS INOVACAO SOCIAL LTDA,2.3.1 Serviços de Mentoria,,Empreendedoras Tech,12/2024,"(900,00)"
Débito,Repasse,12/12/2024,9283410,"1.350,00",31,39.315.287/0001-84,LUCIANA DOTTA 28632549871,2.3.1 Serviços de Mentoria,,Empreendedoras Tech,12/2024,"(1.350,00)"
Débito,Repasse,12/12/2024,9283414,"450,00",32,43.485.803/0001-96,P S Y MATSUMOTO GESTAO EMPRESARIAL,2.3.1 Serviços de Mentoria,,Empreendedoras Tech,12/2024,"(450,00)"
Débito,Repasse,12/12/2024,9283416,"900,00",360,27.944.699/0001-02,GIOVANA FELIX DE ARAUJO GUEDES LTDA,2.3.1 Serviços de Mentoria,,Empreendedoras Tech,12/2024,"(900,00)"
Débito,Repasse,12/12/2024,9283421,"1.350,00",40,48.262.815/0001-75,MAIRA DA COSTA PEDRO NOGUEIRA DA LUZ,2.3.1 Serviços de Mentoria,,Empreendedoras Tech,12/2024,"(1.350,00)"
Débito,Repasse,12/12/2024,9283424,"1.350,00",56,52.114.003/0001-50,CECCATO SOCIEDADE INDIVIDUAL DE ADVOCACIA,2.3.1 Serviços de Mentoria,,Empreendedoras Tech,12/2024,"(1.350,00)"
Débito,Repasse,12/12/2024,9283427,"1.350,00",58,37.926.505/0001-91,37.926.505 OLIVIA FERNANDES BORETTI,2.3.1 Serviços de Mentoria,,Empreendedoras Tech,12/2024,"(1.350,00)"
Débito,Repasse,12/12/2024,9283433,"1.350,00",68,50.367.636/0001-44,IVY CRISTINY N BRUNO LTDA,2.3.1 Serviços de Mentoria,,Empreendedoras Tech,12/2024,"(1.350,00)"
Débito,Repasse,12/12/2024,9283437,"3.342,50",9,27.241.750/0001-01,VIA IMPRESSO GRAFICA E EDITORA LTDA,2.2.1 Eventos,,Feira Reversa,12/2024,"(3.342,50)"
Débito,Repasse,17/12/2024,9289549,"3.230,48",12,54.338.625/0001-97,MOVE-E SOLUCOES SOCIOAMBIENTAIS E GOVERNANCA LTDA,2.1.1 Bolsas,,Empreendedoras Tech,12/2024,"(3.230,48)"
Débito,Repasse,17/12/2024,9289551,"3.230,48",13,41.181.237/0001-01,NUDE SERVICOS DE PUBLICIDADE DE BELEZA LTDA,2.1.1 Bolsas,,Empreendedoras Tech,12/2024,"(3.230,48)"
Débito,Repasse,17/12/2024,9289553,"3.230,48",18,50.114.499/0001-36,50.114.499 INOVA SIMPLES (I.S.),2.1.1 Bolsas,,Empreendedoras Tech,12/2024,"(3.230,48)"
Débito,Repasse,17/12/2024,9289557,"3.230,48",441,39.625.055/0001-22,SARSA EDUCACIONAL LTDA,2.1.1 Bolsas,,Empreendedoras Tech,12/2024,"(3.230,48)"
Débito,Repasse,17/12/2024,9289563,"3.230,48",5,48.141.962/0001-97,GUMLIFEBRASIL TECNOLOGIA SUSTENTAVEL EM GOMAS NATURAIS E MODIFICADAS LTDA,2.1.1 Bolsas,,Empreendedoras Tech,12/2024,"(3.230,48)"
Débito,Repasse,17/12/2024,9289566,"3.230,48",7,49.892.050/0001-10,TREXX BRASIL LTDA,2.1.1 Bolsas,,Empreendedoras Tech,12/2024,"(3.230,48)"
Débito,Repasse,17/12/2024,9289569,"3.230,48",7,41.308.049/0001-93,ANALUI SERVICOS DIGITAIS LTDA,2.1.1 Bolsas,,Empreendedoras Tech,12/2024,"(3.230,48)"
Débito,Repasse,17/12/2024,9289570,"2.000,00",7,52.810.987/0001-03,MARCENARIA E MOVEIS PLANEJADOS POLOVINA LTDA,3.4.1 Serviço arquitetônico,,Ambiente Promotor de Inovação,12/2024,"(2.000,00)"
Débito,Repasse,17/12/2024,9289574,"3.230,48",79,40.706.759/0001-09,"HAPPEN DESENVOLVIMENTO DE SOFTWARE, TREINAMENTO E CURSOS LTDA",2.1.1 Bolsas,,Empreendedoras Tech,12/2024,"(3.230,48)"
Débito,Repasse,17/12/2024,9289578,"3.230,48",8,41.368.916/0001-86,INSTITUTO AB TREINAMENTO E CONSULTORIA PROFISSIONAL LTDA,2.1.1 Bolsas,,Empreendedoras Tech,12/2024,"(3.230,48)"
Débito,Repasse,18/12/2024,9306641,"900,00",1,54.641.041/0001-96,54.641.041 JULIA MARIA GUEDES KOCH,2.3.1 Serviços de Mentoria,,Empreendedoras Tech,12/2024,"(900,00)"
Débito,Repasse,18/12/2024,9306656,"1.800,00",2,54.641.041/0001-96,54.641.041 JULIA MARIA GUEDES KOCH,2.3.1 Serviços de Mentoria,,Empreendedoras Tech,12/2024,"(1.800,00)"
Débito,Repasse,18/12/2024,9306673,"3.600,00",23,27.366.167/0001-27,AFRO SERVICOS E COMERCIO DE PUBLICIDADE DE BELEZA LTDA,2.3.1 Serviços de Mentoria,,Empreendedoras Tech,12/2024,"(3.600,00)"
Débito,Repasse,18/12/2024,9306685,"1.350,00",24,52.596.294/0001-60,RE.GENERA CONSULTORIA LTDA,2.3.1 Serviços de Mentoria,,Empreendedoras Tech,12/2024,"(1.350,00)"
Débito,Repasse,18/12/2024,9306699,"7.000,00",271,27.059.399/0001-32,IMPACT HUB BRASILIA LTDA,1.1.5 Serviços de apoio administrativo e financeiro,,Feira Reversa,12/2024,"(7.000,00)"
Débito,Repasse,18/12/2024,9306715,"19.895,00",272,27.059.399/0001-32,IMPACT HUB BRASILIA LTDA,3.5.1 Gestão de comunidades,,Datathon,12/2024,"(19.895,00)"
Débito,Repasse,18/12/2024,9306724,"20.000,00",273,27.059.399/0001-32,IMPACT HUB BRASILIA LTDA,3.5.1 Gestão de comunidades,,Feira Reversa,12/2024,"(20.000,00)"
Débito,Repasse,18/12/2024,9306744,"1.350,00",29,50.707.303/0001-17,CT CONSULTORIA DE NOVOS NEGOCIOS LTDA,2.3.1 Serviços de Mentoria,,Empreendedoras Tech,12/2024,"(1.350,00)"
Débito,Repasse,18/12/2024,9306757,"3.230,48",3,44.670.741/0001-55,PAGMEI - APOIO ADMINISTRATIVO PARA MEI INOVA SIMPLES (I.S.),2.1.1 Bolsas,,Empreendedoras Tech,12/2024,"(3.230,48)"
Débito,Repasse,18/12/2024,9306774,"1.800,00",31,48.658.986/0001-18,ROBERTO ALEXANDRE DIAS SANTOS & CIA LTDA,2.3.1 Serviços de Mentoria,,Empreendedoras Tech,12/2024,"(1.800,00)"
Débito,Repasse,18/12/2024,9306787,"450,00",3146,15.426.923/0001-87,UEEK AGENCIA DIGITAL LTDA,2.3.1 Serviços de Mentoria,,Empreendedoras Tech,12/2024,"(450,00)"
Débito,Repasse,18/12/2024,9306801,"900,00",4,19.353.979/0001-00,ANGELO BEIGIN PUBLICIDADE,2.3.1 Serviços de Mentoria,,Empreendedoras Tech,12/2024,"(900,00)"
Débito,Repasse,18/12/2024,9306814,"1.350,00",7,43.956.818/0001-95,BARBARA GALANTE ARAUJO 34829538805,2.3.1 Serviços de Mentoria,,Empreendedoras Tech,12/2024,"(1.350,00)"
Débito,Repasse,18/12/2024,9306838,"2.250,00",711,21.534.164/0001-79,CLUBE DE NEGOCIOS COWORKING LTDA.,2.3.1 Serviços de Mentoria,,Empreendedoras Tech,12/2024,"(2.250,00)"
Débito,Repasse,19/12/2024,9313053,"3.230,48",5,44.670.741/0001-55,PAGMEI - APOIO ADMINISTRATIVO PARA MEI INOVA SIMPLES (I.S.),2.1.1 Bolsas,,Empreendedoras Tech,12/2024,"(3.230,48)"
Débito,Repasse,19/12/2024,9313063,"2.250,00",19,48.582.483/0001-06,PONTEIA CONSULTORIA LTDA,2.3.1 Serviços de Mentoria,,Empreendedoras Tech,12/2024,"(2.250,00)"
Débito,Repasse,19/12/2024,9313084,"4.050,00",33,41.719.200/0001-86,JESSICA MOREIRA CAETANO LIMITADA,2.3.1 Serviços de Mentoria,,Empreendedoras Tech,12/2024,"(4.050,00)"
Débito,Repasse,19/12/2024,9313088,"2.700,00",36,39.315.287/0001-84,LUCIANA DOTTA 28632549871,2.3.1 Serviços de Mentoria,,Empreendedoras Tech,12/2024,"(2.700,00)"
Débito,Repasse,19/12/2024,9313096,"2.700,00",51,14.780.465/0001-17,14.780.465 PRISCILA MERCIA SANTOS DO NASCIMENTO,2.3.1 Serviços de Mentoria,,Empreendedoras Tech,12/2024,"(2.700,00)"
Débito,Repasse,20/12/2024,9314928,"800,00",182,28.077.950/0001-33,ROCHA SERVICOS DE ORGANIZACAO DE EVENTOS LTDA,2.3.1 Serviços de Mentoria,,Empreendedoras Tech,12/2024,"(800,00)"
Débito,Repasse,20/12/2024,9314933,"800,00",202443,31.207.612/0001-83,AIMO TECH LTDA,2.3.1 Serviços de Mentoria,,Empreendedoras Tech,12/2024,"(800,00)"
Débito,Repasse,20/12/2024,9314938,"800,00",26,48.658.986/0001-18,ROBERTO ALEXANDRE DIAS SANTOS & CIA LTDA,2.3.1 Serviços de Mentoria,,Empreendedoras Tech,12/2024,"(800,00)"
Débito,Repasse,20/12/2024,9314941,"800,00",33,22.000.998/0001-67,MULTIPLAS INOVACAO SOCIAL LTDA,2.3.1 Serviços de Mentoria,,Empreendedoras Tech,12/2024,"(800,00)"
Débito,Repasse,20/12/2024,9314944,"800,00",41,26.777.689/0001-59,26.777.689 MARIANA FREIRE DOS SANTOS,2.3.1 Serviços de Mentoria,,Empreendedoras Tech,12/2024,"(800,00)"
Débito,Repasse,20/12/2024,9314951,"800,00",66,50.367.636/0001-44,IVY CRISTINY N BRUNO LTDA,2.3.1 Serviços de Mentoria,,Empreendedoras Tech,12/2024,"(800,00)"
Débito,Repasse,20/12/2024,9314953,"800,00",663,14.330.421/0001-95,CATARINAS DESIGN LTDA,2.3.1 Serviços de Mentoria,,Empreendedoras Tech,12/2024,"(800,00)"
Débito,Repasse,20/12/2024,9316621,"2.700,00",32,39.989.297/0001-03,39.989.297 JESSICA ROSA TRINDADE,2.3.1 Serviços de Mentoria,,Empreendedoras Tech,12/2024,"(2.700,00)"
Débito,Repasse,20/12/2024,9316623,"3.600,00",510,13.922.902/0001-27,CIRCULAE ASSESSORIA EMPRESARIAL LTDA,2.3.1 Serviços de Mentoria,,Empreendedoras Tech,12/2024,"(3.600,00)"
Débito,Repasse,20/12/2024,9316624,"9.750,00",67,54.541.579/0001-29,CRIA SERVICOS AUDIOVISUAIS LTDA,3.3.4 Serviço Audiovisual,,Feira Reversa,12/2024,"(9.750,00)"
Débito,Repasse,20/12/2024,9317294,"3.230,48",4,44.670.741/0001-55,PAGMEI - APOIO ADMINISTRATIVO PARA MEI INOVA SIMPLES (I.S.),2.1.1 Bolsas,,Empreendedoras Tech,12/2024,"(3.230,48)"
Débito,Repasse,06/01/2025,9350099,"7.000,00",98,47.339.597/0001-67,AFROIMPACTO TREINAMENTO E CONSULTORIA LTDA,1.2.2 Serviços de Especialistas,,Empreendedoras Tech,01/2025,"(7.000,00)"
Débito,Repasse,06/01/2025,9350138,"2.500,00",15,51.063.679/0001-07,MILENA DE AGUIAR SOARES,1.2.2 Serviços de Especialistas,,Impulso Regional,01/2025,"(2.500,00)"
Débito,Repasse,06/01/2025,9350114,"3.342,50",10,27.241.750/0001-01,VIA IMPRESSO GRAFICA E EDITORA LTDA,3.2.4 Serviços de Eventos,,Feira Reversa,01/2025,"(3.342,50)"
Débito,Repasse,06/01/2025,9350123,"3.450,00",11,54.836.888/0001-26,54.836.888 LETICIA WEINERT ABREU,1.1.3 Equipe de Comunicação,,Empreendedoras Tech,01/2025,"(3.450,00)"
Débito,Repasse,06/01/2025,9350132,"1.425,00",12,068.817.941-00,NICOLLY PRIMO VIEIRA,1.1.3 Equipe de Comunicação,,Operação Básica,01/2025,"(1.425,00)"
Débito,Repasse,06/01/2025,9350106,"3.000,00",10,55.125.498/0001-00,55.125.498 AMANDA PEREIRA GOMES DA SILVA,1.2.2 Serviços de Especialistas,,Impulso Regional,01/2025,"(3.000,00)"
Débito,Repasse,06/01/2025,9350148,"4.000,00",20,51.329.383/0001-87,51.329.383 LUANA NOVA PASSOS RAMOS,1.1.3 Equipe de Comunicação,,Empreendedoras Tech,01/2025,"(4.000,00)"
Débito,Repasse,06/01/2025,9350157,"4.500,00",21,42.535.257/0001-98,GIOVANA SAKAI ROQUE 05189928101,1.1.3 Equipe de Comunicação,,Operação Básica,01/2025,"(4.500,00)"
Débito,Repasse,06/01/2025,9350166,"6.000,00",25,51.483.793/0001-88,CAROLINA TOMAZ BARBOSA LTDA,1.2.2 Serviços de Especialistas,,Operação Básica,01/2025,"(6.000,00)"
Débito,Repasse,06/01/2025,9350180,"7.000,00",25,53.594.223/0001-90,53.594.223 RUY BUENO DE ARRUDA CAMARGO NETO,4.1.1 Despesas com captação,,Operação Básica,01/2025,"(7.000,00)"
Débito,Repasse,06/01/2025,9350188,"20.000,00",275,27.059.399/0001-32,IMPACT HUB BRASILIA LTDA,1.1.1 Equipe de Coordenação,,Impulso Regional,01/2025,"(20.000,00)"
Débito,Repasse,06/01/2025,9350196,"4.500,00",29,50.024.365/0001-24,50.024.365 MARIE MARIN PACHECO,1.2.2 Serviços de Especialistas,,Empreendedoras Tech,01/2025,"(4.500,00)"
Débito,Repasse,06/01/2025,9350210,"3.300,00",7,42.779.002/0001-70,42.779.002 BRUNA ARAUJO DE SOUZA,1.1.2 Equipe Gestão Financeira,,Operação Básica,01/2025,"(3.300,00)"
Débito,Repasse,06/01/2025,9350220,"2.000,00",8,52.810.987/0001-03,MARCENARIA E MOVEIS PLANEJADOS POLOVINA LTDA,2.2.1 Eventos,,Operação Básica,01/2025,"(2.000,00)"
Débito,Repasse,06/01/2025,9350229,"3.000,00",8,55.169.662/0001-81,55.169.662 GIOVANNA MARQUES DOS SANTOS,3.2.4 Serviços de Eventos,,Operação Básica,01/2025,"(3.000,00)"
Débito,Repasse,06/01/2025,9350241,"15.180,00",97,41.322.428/0001-38,MRFERNANDES SERVICOS ADMINISTRATIVOS LTDA,1.1.2 Equipe Gestão Financeira,,Empreendedoras Tech,01/2025,"(15.180,00)"
Débito,Repasse,08/01/2025,9353817,"3.230,48",1,53.733.858/0001-21,FIC SUPERFOODS INOVA SIMPLES (I.S.),2.1.1 Bolsas,,Empreendedoras Tech,01/2025,"(3.230,48)"
Débito,Repasse,08/01/2025,9353820,"3.230,48",7,44.670.741/0001-55,PAGMEI - APOIO ADMINISTRATIVO PARA MEI INOVA SIMPLES (I.S.),2.1.1 Bolsas,,Empreendedoras Tech,01/2025,"(3.230,48)"
Débito,Repasse,08/01/2025,9353822,"3.600,00",19,36.324.480/0001-93,ZFN CAPACITACAO E ESTRATEGIAS DE RESULTADOS LTDA,2.3.1 Serviços de Mentoria,,Empreendedoras Tech,01/2025,"(3.600,00)"
Débito,Repasse,08/01/2025,9353825,"800,00",501,13.922.902/0001-27,CIRCULAE ASSESSORIA EMPRESARIAL LTDA,2.3.1 Serviços de Mentoria,,Empreendedoras Tech,01/2025,"(800,00)"
Débito,Repasse,08/01/2025,9353826,"800,00",67,50.367.636/0001-44,IVY CRISTINY N BRUNO LTDA,2.3.1 Serviços de Mentoria,,Empreendedoras Tech,01/2025,"(800,00)"
Débito,Repasse,08/01/2025,9353832,"2.250,00",74,37.926.505/0001-91,37.926.505 OLIVIA FERNANDES BORETTI,2.3.1 Serviços de Mentoria,,Empreendedoras Tech,01/2025,"(2.250,00)"
Débito,Repasse,08/01/2025,9353835,"7.038,00",76,48.204.632/0001-01,EMPREENDELAB DESENVOLVIMENTO LTDA,1.1.9 Equipe de Monitoramento,,Empreendedoras Tech,01/2025,"(7.038,00)"
Débito,Repasse,08/01/2025,9356415,"7.000,00",247,27.793.145/0001-43,SM VENTURES GESTAO ADMINISTRATIVA LTDA,1.1.2 Equipe Gestão Financeira,,Operação Básica,01/2025,"(7.000,00)"
Débito,Repasse,08/01/2025,9356418,"2.500,00",25,55.505.276/0001-13,RULIAN BELINSKI MAFTUM  LTDA,2.3.2 Serviço de Facilitação,,Impulso Regional,01/2025,"(2.500,00)"
Débito,Repasse,08/01/2025,9356421,"2.772,00",25,50.919.079/0001-27,50.919.079 MAIA GUERREIRO KRUSCINSCKI,1.2.2 Serviços de Especialistas,,Empreendedoras Tech,01/2025,"(2.772,00)"
Débito,Repasse,09/01/2025,9359058,"3.230,48",2,53.733.858/0001-21,FIC SUPERFOODS INOVA SIMPLES (I.S.),2.1.1 Bolsas,,Empreendedoras Tech,01/2025,"(3.230,48)"
Débito,Repasse,09/01/2025,9359063,"1.764,00",203,37.755.223/0001-79,CARRUSCA SOCIEDADE INDIVIDUAL DE ADVOCACIA,1.1.4 Serviços Advocatícios,,Operação Básica,01/2025,"(1.764,00)"
Débito,Repasse,09/01/2025,9359066,"1.200,00",2120,24.724.626/0001-09,MARIANA DA COSTA PEDRO NOGUEIRA DA LUZ,2.3.1 Serviços de Mentoria,,Empreendedoras Tech,01/2025,"(1.200,00)"
Débito,Repasse,09/01/2025,9359069,"900,00",7,25.535.068/0001-04,25.535.068 LAIS NASCIMENTO AZEVEDO,2.3.1 Serviços de Mentoria,,Empreendedoras Tech,01/2025,"(900,00)"
Débito,Repasse,14/01/2025,9362753,"3.230,48",2,53.733.858/0001-21,FIC SUPERFOODS INOVA SIMPLES (I.S.),2.1.1 Bolsas,,Empreendedoras Tech,01/2025,"(3.230,48)"
Débito,Repasse,14/01/2025,9363345,"450,00",47,29.235.790/0001-76,LARISSA DA ROSA CORREA,2.3.2 Serviço de Facilitação,,Empreendedoras Tech,01/2025,"(450,00)"
Débito,Repasse,14/01/2025,9363565,"2.000,00",4,710.519.354-90,VITORIA REGIA DA SILVA,2.1.2 Premiações,,Impulso Regional,01/2025,"(2.000,00)"
Débito,Repasse,14/01/2025,9363562,"3.000,00",3,435.761.518-69,DOUGLAS LEWANDOWSKI MENDES (não devolveu),2.1.2 Premiações,,Impulso Regional,01/2025,"(3.000,00)"
Débito,Repasse,14/01/2025,9363561,"5.000,00",1,977.857.845-15,CAMILA DE CASTRO PARANHOS (não devolveu),2.1.2 Premiações,,Impulso Regional,01/2025,"(5.000,00)"
Débito,Repasse,15/01/2025,9364981,"149,00",14,18.702.797/0001-34,ASSOCIACAO IMPACT HUB BRASIL / Clicksign,1.1.5 Serviços de apoio administrativo e financeiro,Reembolso ao Institucional,Operação Básica,01/2025,"(149,00)"
Débito,Repasse,15/01/2025,9364983,"3.230,48",4,53.733.858/0001-21,FIC SUPERFOODS INOVA SIMPLES (I.S.),2.1.1 Bolsas,,Empreendedoras Tech,01/2025,"(3.230,48)"
Débito,Repasse,15/01/2025,9364987,"2.986,80",6,152.801.697-14,ANA CAROLINE VOLZ PONATH,2.1.2 Premiações,,Impulso Regional,01/2025,"(2.986,80)"
Débito,Repasse,15/01/2025,9364985,"4.664,85",5,082.740.785-86,SONIA JANARA SILVA BARROS,2.1.2 Premiações,,Impulso Regional,01/2025,"(4.664,85)"
Débito,Repasse,17/01/2025,9366751,"149,00",16,18.702.797/0001-34,ASSOCIACAO IMPACT HUB BRASIL / Clicksign,1.1.5 Serviços de apoio administrativo e financeiro,Reembolso ao Institucional,Operação Básica,01/2025,"(149,00)"
Débito,Repasse,17/01/2025,9366754,"551,30",144,36.018.474/0001-08,SIC SERVICOS GRAFICOS LTDA,3.3.4 Serviço Audiovisual,,Operação Básica,01/2025,"(551,30)"
Débito,Repasse,17/01/2025,9366756,"2.000,00",4,053.280.882-71,ALLANA COSTA DE OLIVEIRA,2.1.2 Premiações,,Impulso Regional,01/2025,"(2.000,00)"
Débito,Repasse,17/01/2025,9367761,"3.230,48",14,41.181.237/0001-01,NUDE SERVICOS DE PUBLICIDADE DE BELEZA LTDA,2.1.1 Bolsas,,Empreendedoras Tech,01/2025,"(3.230,48)"
Débito,Repasse,17/01/2025,9367762,"7.000,00",161,42.403.625/0001-44,NOUS DESIGN E COMUNICACAO LTDA,2.3.2 Serviço de Facilitação,,Operação Básica,01/2025,"(7.000,00)"
Débito,Repasse,17/01/2025,9367765,"3.230,48",2025,54.338.625/0001-97,MOVE-E SOLUCOES SOCIOAMBIENTAIS E GOVERNANCA LTDA,2.1.1 Bolsas,,Empreendedoras Tech,01/2025,"(3.230,48)"
Débito,Repasse,17/01/2025,9367766,"3.230,48",23,50.114.499/0001-36,50.114.499 INOVA SIMPLES (I.S.),2.1.1 Bolsas,,Empreendedoras Tech,01/2025,"(3.230,48)"
Débito,Repasse,17/01/2025,9367768,"3.230,48",449,39.625.055/0001-22,SARSA EDUCACIONAL LTDA,2.1.1 Bolsas,,Empreendedoras Tech,01/2025,"(3.230,48)"
Débito,Repasse,17/01/2025,9367769,"3.230,48",6,48.141.962/0001-97,GUMLIFEBRASIL TECNOLOGIA SUSTENTAVEL EM GOMAS NATURAIS E MODIFICADAS LTDA,2.1.1 Bolsas,,Empreendedoras Tech,01/2025,"(3.230,48)"
Débito,Repasse,17/01/2025,9367771,"2.000,00",7,871.464.281-68,THAISA PASE,2.1.2 Premiações,,Impulso Regional,01/2025,"(2.000,00)"
Débito,Repasse,17/01/2025,9367773,"3.230,48",8,44.670.741/0001-55,PAGMEI - APOIO ADMINISTRATIVO PARA MEI INOVA SIMPLES (I.S.),2.1.1 Bolsas,,Empreendedoras Tech,01/2025,"(3.230,48)"
Débito,Repasse,17/01/2025,9367775,"3.230,48",8,49.892.050/0001-10,TREXX BRASIL LTDA,2.1.1 Bolsas,,Empreendedoras Tech,01/2025,"(3.230,48)"
Débito,Repasse,17/01/2025,9367776,"3.230,48",82,40.706.759/0001-09,"HAPPEN DESENVOLVIMENTO DE SOFTWARE, TREINAMENTO E CURSOS LTDA",2.1.1 Bolsas,,Empreendedoras Tech,01/2025,"(3.230,48)"
Débito,Repasse,17/01/2025,9367778,"3.230,48",87,41.368.916/0001-86,INSTITUTO AB TREINAMENTO E CONSULTORIA PROFISSIONAL LTDA,2.1.1 Bolsas,,Empreendedoras Tech,01/2025,"(3.230,48)"
Débito,Repasse,17/01/2025,9367780,"3.230,48",9,41.308.049/0001-93,ANALUI SERVICOS DIGITAIS LTDA,2.1.1 Bolsas,,Empreendedoras Tech,01/2025,"(3.230,48)"
Débito,Repasse,21/01/2025,9370917,"800,00",1,333.531.138-86,KAROL LOPO COIADO DA SILVA,2.3.1 Serviços de Mentoria,,Empreendedoras Tech,01/2025,"(800,00)"
Débito,Repasse,21/01/2025,9370918,"3.230,48",10,41.308.049/0001-93,ANALUI SERVICOS DIGITAIS LTDA,2.1.1 Bolsas,,Empreendedoras Tech,01/2025,"(3.230,48)"
Débito,Repasse,21/01/2025,9370919,"3.230,48",2025/02,54.338.625/0001-97,MOVE-E SOLUCOES SOCIOAMBIENTAIS E GOVERNANCA LTDA,2.1.1 Bolsas,,Empreendedoras Tech,01/2025,"(3.230,48)"
Débito,Repasse,21/01/2025,9370921,"3.230,48",24,50.114.499/0001-36,50.114.499 INOVA SIMPLES (I.S.),2.1.1 Bolsas,,Empreendedoras Tech,01/2025,"(3.230,48)"
Débito,Repasse,21/01/2025,9370923,"8.000,00",36,08.913.490/0001-29,ZOIO INFORMATICA LTDA,1.1.1 Equipe de Coordenação,,Operação Básica,01/2025,"(8.000,00)"
Débito,Repasse,21/01/2025,9371192,"3.230,48",15,41.181.237/0001-01,NUDE SERVICOS DE PUBLICIDADE DE BELEZA LTDA,2.1.1 Bolsas,,Empreendedoras Tech,01/2025,"(3.230,48)"
Débito,Repasse,21/01/2025,9371193,"150,00",41,37.604.860/0001-44,37.604.860 IVAN DE SOUZA,2.2.1 Eventos,,Impulso Regional,01/2025,"(150,00)"
Débito,Repasse,21/01/2025,9371194,"3.230,48",453,39.625.055/0001-22,SARSA EDUCACIONAL LTDA,2.1.1 Bolsas,,Empreendedoras Tech,01/2025,"(3.230,48)"
Débito,Repasse,21/01/2025,9371195,"3.230,48",7,48.141.962/0001-97,GUMLIFEBRASIL TECNOLOGIA SUSTENTAVEL EM GOMAS NATURAIS E MODIFICADAS LTDA,2.1.1 Bolsas,,Empreendedoras Tech,01/2025,"(3.230,48)"
Débito,Repasse,21/01/2025,9371198,"3.230,48",83,40.706.759/0001-09,"HAPPEN DESENVOLVIMENTO DE SOFTWARE, TREINAMENTO E CURSOS LTDA",2.1.1 Bolsas,,Empreendedoras Tech,01/2025,"(3.230,48)"
Débito,Repasse,21/01/2025,9371200,"3.230,48",88,41.368.916/0001-86,INSTITUTO AB TREINAMENTO E CONSULTORIA PROFISSIONAL LTDA,2.1.1 Bolsas,,Empreendedoras Tech,01/2025,"(3.230,48)"
Débito,Repasse,21/01/2025,9371203,"3.230,48",9,44.670.741/0001-55,PAGMEI - APOIO ADMINISTRATIVO PARA MEI INOVA SIMPLES (I.S.),2.1.1 Bolsas,,Empreendedoras Tech,01/2025,"(3.230,48)"
Débito,Repasse,21/01/2025,9371204,"3.230,48",9,49.892.050/0001-10,TREXX BRASIL LTDA,2.1.1 Bolsas,,Empreendedoras Tech,01/2025,"(3.230,48)"
Débito,Repasse,22/01/2025,9372371,"3.200,00",171,33.217.529/0001-10,PANIC LOBSTER TECNOLOGIA LTDA,3.1.1 Serviço de Plataforma,,Impulso Regional,01/2025,"(3.200,00)"
Débito,Repasse,22/01/2025,9372372,"1.200,00",2094,24.724.626/0001-09,MARIANA DA COSTA PEDRO NOGUEIRA DA LUZ,2.3.1 Serviços de Mentoria,,Empreendedoras Tech,01/2025,"(1.200,00)"
Débito,Repasse,22/01/2025,9372374,"900,00",3,56.415.195/0001-95,FERNANDA COELHO CONSULTORIA LTDA,2.3.1 Serviços de Mentoria,,Empreendedoras Tech,01/2025,"(900,00)"
Débito,Repasse,22/01/2025,9372377,"4.500,00",30,50.024.365/0001-24,50.024.365 MARIE MARIN PACHECO,1.2.2 Serviços de Especialistas,,Empreendedoras Tech,01/2025,"(4.500,00)"
Débito,Repasse,22/01/2025,9372378,"3.375,00",39,22.000.998/0001-67,MULTIPLAS INOVACAO SOCIAL LTDA,2.3.1 Serviços de Mentoria,,Empreendedoras Tech,01/2025,"(3.375,00)"
Débito,Repasse,22/01/2025,9372379,"2.700,00",47,48.262.815/0001-75,MAIRA DA COSTA PEDRO NOGUEIRA DA LUZ,2.3.1 Serviços de Mentoria,,Empreendedoras Tech,01/2025,"(2.700,00)"
Débito,Repasse,22/01/2025,9372380,"6.500,00",607,27.350.302/0001-46,"MOVIMENTO CHOICE CAPACITACAO, PALESTRAS E EVENTOS LTDA.",1.2.3 Serviços de seleção e recrutamento,,Operação Básica,01/2025,"(6.500,00)"
Débito,Repasse,22/01/2025,9372388,"3.600,00",66,52.114.003/0001-50,CECCATO SOCIEDADE INDIVIDUAL DE ADVOCACIA,2.3.1 Serviços de Mentoria,,Empreendedoras Tech,01/2025,"(3.600,00)"
Débito,Repasse,22/01/2025,9372389,"7.038,00",79,48.204.632/0001-01,EMPREENDELAB DESENVOLVIMENTO LTDA,1.1.9 Equipe de Monitoramento,,Empreendedoras Tech,01/2025,"(7.038,00)"
Débito,Repasse,23/01/2025,9373735,"1.152,00",1241,24.388.741/0001-50,FLUXO ADMINISTRACAO INTELIGENTE LTDA,1.1.5 Serviços de apoio administrativo e financeiro,,Operação Básica,01/2025,"(1.152,00)"
Débito,Repasse,23/01/2025,9373736,"2.700,00",14,41.383.328/0001-11,BIOSAB LEVEDURAS LTDA,3.4.1 Serviço arquitetônico,,Empreendedoras Tech,01/2025,"(2.700,00)"
Débito,Repasse,23/01/2025,9373738,"450,00",2025/06,52.596.294/0001-60,RE.GENERA CONSULTORIA LTDA,2.3.1 Serviços de Mentoria,,Empreendedoras Tech,01/2025,"(450,00)"
Débito,Repasse,23/01/2025,9373753,"2.772,00",27,50.919.079/0001-27,50.919.079 MAIA GUERREIRO KRUSCINSCKI,1.2.2 Serviços de Especialistas,,Empreendedoras Tech,01/2025,"(2.772,00)"
Débito,Repasse,23/01/2025,9373757,"1.350,00",35,48.658.986/0001-18,ROBERTO ALEXANDRE DIAS SANTOS & CIA LTDA,2.3.1 Serviços de Mentoria,,Empreendedoras Tech,01/2025,"(1.350,00)"
Débito,Repasse,23/01/2025,9374018,"2.700,00",37,43.485.803/0001-96,P S Y MATSUMOTO GESTAO EMPRESARIAL,2.3.1 Serviços de Mentoria,,Empreendedoras Tech,01/2025,"(2.700,00)"
Débito,Repasse,23/01/2025,9374020,"7.000,00",102,47.339.597/0001-67,AFROIMPACTO TREINAMENTO E CONSULTORIA LTDA,1.2.2 Serviços de Especialistas,,Empreendedoras Tech,01/2025,"(7.000,00)"
Débito,Repasse,23/01/2025,9374022,"3.230,48",5,53.733.858/0001-21,FIC SUPERFOODS INOVA SIMPLES (I.S.),2.1.1 Bolsas,,Empreendedoras Tech,01/2025,"(3.230,48)"
Débito,Repasse,24/01/2025,9373754,"1.350,00",33,50.707.303/0001-17,CT CONSULTORIA DE NOVOS NEGOCIOS LTDA,2.3.1 Serviços de Mentoria,,Empreendedoras Tech,01/2025,"(1.350,00)"
Débito,Repasse,24/01/2025,9375674,"3.665,15",17,18.702.797/0001-34,ASSOCIACAO IMPACT HUB BRASIL / NF 39689,1.1.8 Impostos,Reembolso ao Institucional,Empreendedoras Tech,01/2025,"(3.665,15)"
Débito,Repasse,24/01/2025,9375677,"3.230,48",7,53.733.858/0001-21,FIC SUPERFOODS INOVA SIMPLES (I.S.),2.1.1 Bolsas,,Empreendedoras Tech,01/2025,"(3.230,48)"
Débito,Repasse,24/01/2025,9375681,"50.000,00",11,29.132.538/0001-31,STARDUST ZONE LTDA,2.1.2 Premiações,,Empreendedoras Tech,01/2025,"(50.000,00)"
Débito,Repasse,24/01/2025,9375684,"3.450,00",12,54.836.888/0001-26,54.836.888 LETICIA WEINERT ABREU,1.1.3 Equipe de Comunicação,,Empreendedoras Tech,01/2025,"(3.450,00)"
Débito,Repasse,24/01/2025,9375687,"1.200,00",2025,24.724.626/0001-09,MARIANA DA COSTA PEDRO NOGUEIRA DA LUZ,2.3.1 Serviços de Mentoria,,Empreendedoras Tech,01/2025,"(1.200,00)"
Débito,Repasse,24/01/2025,9375689,"4.000,00",21,51.329.383/0001-87,51.329.383 LUANA NOVA PASSOS RAMOS,1.1.3 Equipe de Comunicação,,Empreendedoras Tech,01/2025,"(4.000,00)"
Débito,Repasse,24/01/2025,9375690,"450,00",229,35.751.933/0001-03,EVANDRO MENDONCA TAMARINDO LTDA,2.3.1 Serviços de Mentoria,,Empreendedoras Tech,01/2025,"(450,00)"
Débito,Repasse,24/01/2025,9375692,"1.350,00",3,54.641.041/0001-96,54.641.041 JULIA MARIA GUEDES KOCH,2.3.1 Serviços de Mentoria,,Empreendedoras Tech,01/2025,"(1.350,00)"
Débito,Repasse,24/01/2025,9375693,"1.350,00",367,27.944.699/0001-02,GIOVANA FELIX DE ARAUJO GUEDES LTDA,2.3.1 Serviços de Mentoria,,Empreendedoras Tech,01/2025,"(1.350,00)"
Débito,Repasse,24/01/2025,9375801,"13.250,00",285,27.059.399/0001-32,IMPACT HUB BRASILIA LTDA,1.1.1 Equipe de Coordenação,,Empreendedoras Tech,01/2025,"(13.250,00)"
Débito,Repasse,27/01/2025,9375935,"50.000,00",6,08.195.354/0001-40,V. G. S. INDUSTRIA E COMERCIO LTDA,2.1.2 Premiações,,Empreendedoras Tech,01/2025,"(50.000,00)"
Débito,Repasse,27/01/2025,9376873,"1.350,00",368,27.944.699/0001-02,GIOVANA FELIX DE ARAUJO GUEDES LTDA,2.3.1 Serviços de Mentoria,,Empreendedoras Tech,01/2025,"(1.350,00)"
Débito,Repasse,27/01/2025,9376875,"15.180,00",98,41.322.428/0001-38,MRFERNANDES SERVICOS ADMINISTRATIVOS LTDA,1.1.2 Equipe Gestão Financeira,,Empreendedoras Tech,01/2025,"(15.180,00)"
Débito,Repasse,04/02/2025,9388418,"1.425,00",13,068.817.941-00,NICOLLY PRIMO VIEIRA,1.1.3 Equipe de Comunicação,,Operação Básica,02/2025,"(1.425,00)"
Débito,Repasse,04/02/2025,9388425,"1.775,00",103,26.990.502/0001-09,GISELE LIMA ROCHA LTDA,1.2.2 Serviços de Especialistas,,Ambiente Promotor de Inovação,02/2025,"(1.775,00)"
Débito,Repasse,04/02/2025,9388443,"2.500,00",17,51.063.679/0001-07,MILENA DE AGUIAR SOARES,1.1.3 Equipe de Comunicação,,Impulso Regional,02/2025,"(2.500,00)"
Débito,Repasse,04/02/2025,9390172,"3.000,00",11,55.125.498/0001-00,55.125.498 AMANDA PEREIRA GOMES DA SILVA,1.2.2 Serviços de Especialistas,,Impulso Regional,02/2025,"(3.000,00)"
Débito,Repasse,04/02/2025,9388433,"5.500,00",126,24.864.752/0001-69,MARCELLO MARQUES ESPIRITO SANTO SERVICOS E TREINAMENTOS LTDA,3.5.1 Gestão de comunidades,,Impulso Regional,02/2025,"(5.500,00)"
Débito,Repasse,04/02/2025,9388447,"4.500,00",22,42.535.257/0001-98,GIOVANA SAKAI ROQUE 05189928101,1.1.3 Equipe de Comunicação,,Operação Básica,02/2025,"(4.500,00)"
Débito,Repasse,04/02/2025,9388449,"5.800,00",29,55.505.276/0001-13,RULIAN BELINSKI MAFTUM  LTDA,2.3.2 Serviço de Facilitação,,Impulso Regional,02/2025,"(5.800,00)"
Débito,Repasse,04/02/2025,9388452,"3.300,00",8,42.779.002/0001-70,42.779.002 BRUNA ARAUJO DE SOUZA,1.1.2 Equipe Gestão Financeira,,Operação Básica,02/2025,"(3.300,00)"
Débito,Repasse,04/02/2025,9390166,"3.000,00",10,55.169.662/0001-81,55.169.662 GIOVANNA MARQUES DOS SANTOS,3.2.4 Serviços de Eventos,,Operação Básica,02/2025,"(3.000,00)"
Débito,Repasse,04/02/2025,9388439,"73,59",1403,26.882.215/0001-77,IMPRIMINDO IDEIAS LTDA,3.2.3 Materiais de papelaria,,Operação Básica,02/2025,"(73,59)"
Débito,Repasse,04/02/2025,9390181,"6.000,00",35,51.483.793/0001-88,CAROLINA TOMAZ BARBOSA LTDA,1.2.2 Serviços de Especialistas,,Operação Básica,02/2025,"(6.000,00)"
Débito,Repasse,05/02/2025,9390177,"11.000,00",13915,23.472.271/0001-45,CENTRO DE IMPACTO CONSULTORIA EM GESTAO EMPRESARIAL LTDA,3.5.1 Gestão de comunidades,,Impulso Regional,02/2025,"(11.000,00)"
Débito,Repasse,06/02/2025,9398150,"1.080,00",1288,24.388.741/0001-50,FLUXO ADMINISTRACAO INTELIGENTE LTDA,1.1.5 Serviços de apoio administrativo e financeiro,,Operação Básica,02/2025,"(1.080,00)"
Débito,Repasse,06/02/2025,9398163,"1.636,36",22,40.251.433/0001-34,LORENA DOS SANTOS FRANCA 04959770120,1.1.9 Equipe de Monitoramento,,Operação Básica,02/2025,"(1.636,36)"
Débito,Repasse,06/02/2025,9398179,"3.181,81",28,53.594.223/0001-90,53.594.223 RUY BUENO DE ARRUDA CAMARGO NETO,4.1.1 Despesas com captação,,Operação Básica,02/2025,"(3.181,81)"
Débito,Repasse,06/02/2025,9398191,"20.000,00",286,27.059.399/0001-32,IMPACT HUB BRASILIA LTDA,1.1.1 Equipe de Coordenação,,Impulso Regional,02/2025,"(20.000,00)"
Débito,Repasse,11/02/2025,9413225,"4.000,00",1608,01.212.900/0001-65,INSIGHT RECURSOS HUMANOS LTDA,1.1.5 Serviços de apoio administrativo e financeiro,,Operação Básica,02/2025,"(4.000,00)"
Débito,Repasse,11/02/2025,9413227,"1.898,06",210,37.755.223/0001-79,CARRUSCA SOCIEDADE INDIVIDUAL DE ADVOCACIA,1.1.4 Serviços Advocatícios,,Operação Básica,02/2025,"(1.898,06)"
Débito,Repasse,11/02/2025,9413230,"475,00",550,30.395.018/0001-09,SR SOLUCOES LTDA,3.3.4 Serviço Audiovisual,,Impulso Regional,02/2025,"(475,00)"
Débito,Repasse,11/02/2025,9413685,"149,00",18,18.702.797/0001-34,ASSOCIACAO IMPACT HUB BRASIL / Clicksign,1.1.5 Serviços de apoio administrativo e financeiro,Reembolso ao Institucional,Operação Básica,02/2025,"(149,00)"
Débito,Repasse,13/02/2025,9417577,"144,54",19,18.702.797/0001-34,ASSOCIACAO IMPACT HUB BRASIL,1.1.5 Serviços de apoio administrativo e financeiro,Reembolso ao Institucional,Operação Básica,02/2025,"(144,54)"
Débito,Repasse,13/02/2025,9417579,"7.000,00",262,27.793.145/0001-43,SM VENTURES GESTAO ADMINISTRATIVA LTDA,1.1.2 Equipe Gestão Financeira,,Operação Básica,02/2025,"(7.000,00)"
Débito,Repasse,19/02/2025,9424003,"226,02",1665,01.212.900/0001-65,INSIGHT RECURSOS HUMANOS LTDA,1.2.3 Serviços de seleção e recrutamento,,Operação Básica,02/2025,"(226,02)"
Débito,Repasse,19/02/2025,9425155,"8.000,00",37,08.913.490/0001-29,ZOIO INFORMATICA LTDA,1.1.1 Equipe de Coordenação,,Operação Básica,02/2025,"(8.000,00)"
Débito,Repasse,05/03/2025,9452896,"2.500,00",18,51.063.679/0001-07,MILENA DE AGUIAR SOARES,1.1.3 Equipe de Comunicação,,Impulso Regional,03/2025,"(2.500,00)"
Débito,Repasse,05/03/2025,9452893,"3.000,00",11,55.169.662/0001-81,55.169.662 GIOVANNA MARQUES DOS SANTOS,3.2.4 Serviços de Eventos,,Operação Básica,03/2025,"(3.000,00)"
Débito,Repasse,05/03/2025,9452894,"3.200,00",172,33.217.529/0001-10,PANIC LOBSTER TECNOLOGIA LTDA,3.3.4 Serviço Audiovisual,,Impulso Regional,03/2025,"(3.200,00)"
Débito,Repasse,05/03/2025,9452307,"6.800,00",33,55.505.276/0001-13,RULIAN BELINSKI MAFTUM  LTDA,2.3.2 Serviço de Facilitação,,Impulso Regional,03/2025,"(6.800,00)"
Débito,Repasse,05/03/2025,9452898,"4.500,00",23,42.535.257/0001-98,GIOVANA SAKAI ROQUE 05189928101,1.1.3 Equipe de Comunicação,,Operação Básica,03/2025,"(4.500,00)"
Débito,Repasse,05/03/2025,9452901,"4.000,00",27,51.329.383/0001-87,51.329.383 LUANA NOVA PASSOS RAMOS,1.1.3 Equipe de Comunicação,,Co.NE,03/2025,"(4.000,00)"
Débito,Repasse,05/03/2025,9452903,"3.584,00",29,50.919.079/0001-27,50.919.079 MAIA GUERREIRO KRUSCINSCKI,1.2.2 Serviços de Especialistas,,Impulso Regional,03/2025,"(3.584,00)"
Débito,Repasse,05/03/2025,9452904,"7.000,00",29,53.594.223/0001-90,53.594.223 RUY BUENO DE ARRUDA CAMARGO NETO,4.1.1 Despesas com captação,,Operação Básica,03/2025,"(7.000,00)"
Débito,Repasse,05/03/2025,9452907,"475,00",30395018000109,30.395.018/0001-09,SR SOLUCOES LTDA,2.3.2 Serviço de Facilitação,,Impulso Regional,03/2025,"(475,00)"
Débito,Repasse,05/03/2025,9452908,"5.800,00",31,50.024.365/0001-24,50.024.365 MARIE MARIN PACHECO,1.2.2 Serviços de Especialistas,,Impulso Regional,03/2025,"(5.800,00)"
Débito,Repasse,05/03/2025,9452909,"8.000,00",36,51.483.793/0001-88,CAROLINA TOMAZ BARBOSA LTDA,1.2.2 Serviços de Especialistas,,Co.NE,03/2025,"(8.000,00)"
Débito,Repasse,05/03/2025,9452910,"3.300,00",9,42.779.002/0001-70,42.779.002 BRUNA ARAUJO DE SOUZA,1.1.2 Equipe Gestão Financeira,,Operação Básica,03/2025,"(3.300,00)"
Débito,Repasse,06/03/2025,9456201,"3.075,39",1,55.048.968/0001-80,NEBULA PRIMA ADMINISTRACAO LTDA,3.3.1 Serviço de Comunicação,,Impulso Regional,03/2025,"(3.075,39)"
Débito,Repasse,06/03/2025,9456220,"20.000,00",291,27.059.399/0001-32,IMPACT HUB BRASILIA LTDA,1.1.1 Equipe de Coordenação,,Impulso Regional,03/2025,"(20.000,00)"
Débito,Repasse,06/03/2025,9456212,"352,00",1352,24.388.741/0001-50,FLUXO ADMINISTRACAO INTELIGENTE LTDA,1.1.5 Serviços de apoio administrativo e financeiro,,Operação Básica,03/2025,"(352,00)"
Débito,Repasse,06/03/2025,9456218,"1.896,06",218,37.755.223/0001-79,CARRUSCA SOCIEDADE INDIVIDUAL DE ADVOCACIA,1.1.4 Serviços Advocatícios,,Operação Básica,03/2025,"(1.896,06)"
Débito,Repasse,06/03/2025,9456219,"5.700,00",23,40.251.433/0001-34,LORENA DOS SANTOS FRANCA 04959770120,1.1.9 Equipe de Monitoramento,,Operação Básica,03/2025,"(5.700,00)"
Débito,Repasse,06/03/2025,9456209,"7.500,00",103,47.339.597/0001-67,AFROIMPACTO TREINAMENTO E CONSULTORIA LTDA,1.2.2 Serviços de Especialistas,,Impulso Regional,03/2025,"(7.500,00)"
Débito,Repasse,13/03/2025,9466408,"9.000,00",275,27.793.145/0001-43,SM VENTURES GESTAO ADMINISTRATIVA LTDA,1.1.2 Equipe Gestão Financeira,,Operação Básica,03/2025,"(9.000,00)"
Débito,Repasse,13/03/2025,9466409,"8.000,00",38,08.913.490/0001-29,ZOIO INFORMATICA LTDA,1.1.1 Equipe de Coordenação,,Operação Básica,03/2025,"(8.000,00)"
Débito,Repasse,13/03/2025,9466410,"1.925,00",88,48.204.632/0001-01,EMPREENDELAB DESENVOLVIMENTO LTDA,1.1.9 Equipe de Monitoramento,,Co.NE,03/2025,"(1.925,00)"
Débito,Repasse,13/03/2025,9469520,"149,00",20,18.702.797/0001-34,ASSOCIACAO IMPACT HUB BRASIL / Clicksign,1.1.5 Serviços de apoio administrativo e financeiro,Reembolso ao Institucional,Operação Básica,03/2025,"(149,00)"
Débito,Repasse,17/03/2025,9474054,"9.000,00",1,59.704.598/0001-42,SOHAM GESTAO E PLANEJAMENTO LTDA,1.1.1 Equipe de Coordenação,,Operação Básica,03/2025,"(9.000,00)"
Débito,Repasse,17/03/2025,9474057,"190,35",1722,01.212.900/0001-65,INSIGHT RECURSOS HUMANOS LTDA,1.2.3 Serviços de seleção e recrutamento,,Operação Básica,03/2025,"(190,35)"
Débito,Repasse,18/03/2025,9475084,"9.000,00",2,59.704.598/0001-42,SOHAM GESTAO E PLANEJAMENTO LTDA,1.1.1 Equipe de Coordenação,,Operação Básica,03/2025,"(9.000,00)"
Débito,Repasse,18/03/2025,9475089,"5.900,00",450,30.870.118/0001-31,CRIA PRODUCOES ARTISTICAS LTDA,3.3.4 Serviço Audiovisual,,Impulso Regional,03/2025,"(5.900,00)"
Débito,Repasse,18/03/2025,9475087,"2.250,00",217,39.562.199/0001-87,STUDIO INFINITU FILMES LTDA,3.3.4 Serviço Audiovisual,,Impulso Regional,03/2025,"(2.250,00)"
Débito,Repasse,26/03/2025,9488537,"93,73",2,55.124.334/0001-69,55.124.334 NATHALIA CARDOSO SILVA,1.1.6 Logística,,Operação Básica,03/2025,"(93,73)"
Débito,Repasse,26/03/2025,9488541,"3.403,29",4,27.059.399/0001-32,IMPACT HUB BRASILIA LTDA,1.1.6 Logística,,Operação Básica,03/2025,"(3.403,29)"
Débito,Repasse,26/03/2025,9488544,"46,00",3,42.535.257/0001-98,GIOVANA SAKAI ROQUE 05189928101,1.1.6 Logística,,Operação Básica,03/2025,"(46,00)"
Débito,Repasse,26/03/2025,9488548,"20.000,00",433,19.702.474/0001-03,JANOO COMUNICACAO E TECNOLOGIA LTDA,2.1.2 Premiações,,Impulso Regional,03/2025,"(20.000,00)"
Crédito,Repasse,27/03/2025,,"21.000,00",,,MCTI,0.0.0 Recurso,Captação,Oficina MCTI,03/2025,"21.000,00"
Crédito,Repasse,27/03/2025,,"150.000,00",,,MDS,0.0.0 Recurso,Aporte,Feira Reversa,03/2025,"150.000,00"
Débito,Repasse,31/03/2025,9181263,"985,00",28,68.282.748/0001-68,"NUCLEOTEC - COMERCIO, SERVICOS E REPRESENTACOES LTDA",2.3.2 Serviço de Facilitação,,Feira Reversa,03/2025,"(985,00)"
Débito,Repasse,31/03/2025,9321135,"59.696,90",39606,18.416.259/0001-83,COMPANHIA DE IMPACTO S/A,1.3.3 Serviço de Mensuração,,Empreendedoras Tech,03/2025,"(59.696,90)"
Débito,Repasse,31/03/2025,9321137,"36.280,27",39689,18.416.259/0001-83,COMPANHIA DE IMPACTO S/A,2.3.1 Serviços de Mentoria,,Empreendedoras Tech,03/2025,"(36.280,27)"
Débito,Repasse,31/03/2025,9363567,"2.986,80",4,025.107.613-07,JOEL DE SOUSA SILVA (devolveu),2.1.2 Premiações,,Impulso Regional,03/2025,"(2.986,80)"
Débito,Repasse,31/03/2025,9367764,"4.664,85",2,017.850.554-45,HERUS MACEDO PINTO FURTADO COSTA,2.1.2 Premiações,,Impulso Regional,03/2025,"(4.664,85)"
Débito,Repasse,03/04/2025,9508985,"3.000,00",1,59.427.894/0001-43,59.427.894 NICOLLY PRIMO VIEIRA,1.1.3 Equipe de Comunicação,,Operação Básica,04/2025,"(3.000,00)"
Débito,Repasse,03/04/2025,9508996,"2.000,00",35,55.505.276/0001-13,RULIAN BELINSKI MAFTUM  LTDA,2.3.2 Serviço de Facilitação,,Impulso Regional,04/2025,"(2.000,00)"
Débito,Repasse,03/04/2025,9509013,"4.000,00",23,51.329.383/0001-87,51.329.383 LUANA NOVA PASSOS RAMOS,1.1.3 Equipe de Comunicação,,Co.NE,04/2025,"(4.000,00)"
Débito,Repasse,03/04/2025,9509080,"20.000,00",132,12.103.483/0001-39,SISMU SOFTWARE LTDA,2.1.2 Premiações,,Impulso Regional,04/2025,"(20.000,00)"
Débito,Repasse,03/04/2025,9509044,"8.000,00",31,51.483.793/0001-88,CAROLINA TOMAZ BARBOSA LTDA,1.2.2 Serviços de Especialistas,,Co.NE,04/2025,"(8.000,00)"
Débito,Repasse,03/04/2025,9509055,"3.300,00",10,42.779.002/0001-70,42.779.002 BRUNA ARAUJO DE SOUZA,1.1.2 Equipe Gestão Financeira,,Operação Básica,04/2025,"(3.300,00)"
Débito,Repasse,03/04/2025,9509031,"3.584,00",30,50.919.079/0001-27,50.919.079 MAIA GUERREIRO KRUSCINSCKI,1.2.2 Serviços de Especialistas,,Impulso Regional,04/2025,"(3.584,00)"
Débito,Repasse,03/04/2025,9509068,"7.500,00",105,47.339.597/0001-67,AFROIMPACTO TREINAMENTO E CONSULTORIA LTDA,1.2.2 Serviços de Especialistas,,Impulso Regional,04/2025,"(7.500,00)"
Débito,Repasse,03/04/2025,9509095,"5.800,00",32,50.024.365/0001-24,50.024.365 MARIE MARIN PACHECO,1.2.2 Serviços de Especialistas,,Impulso Regional,04/2025,"(5.800,00)"
Débito,Repasse,04/04/2025,9512535,"8.000,00",39,08.913.490/0001-29,ZOIO INFORMATICA LTDA,1.1.1 Equipe de Coordenação,,Operação Básica,04/2025,"(8.000,00)"
Débito,Repasse,04/04/2025,9513336,"3.000,00",12,55.169.662/0001-81,55.169.662 GIOVANNA MARQUES DOS SANTOS,3.2.4 Serviços de Eventos,,Operação Básica,04/2025,"(3.000,00)"
Débito,Repasse,04/04/2025,9513340,"2.750,00",19,51.063.679/0001-07,MILENA DE AGUIAR SOARES,1.1.3 Equipe de Comunicação,,Co.NE,04/2025,"(2.750,00)"
Débito,Repasse,04/04/2025,9513341,"4.950,00",24,42.535.257/0001-98,GIOVANA SAKAI ROQUE 05189928101,1.1.3 Equipe de Comunicação,,Operação Básica,04/2025,"(4.950,00)"
Débito,Repasse,04/04/2025,9513345,"20.000,00",297,27.059.399/0001-32,IMPACT HUB BRASILIA LTDA,1.1.1 Equipe de Coordenação,,Co.NE,04/2025,"(20.000,00)"
Débito,Repasse,04/04/2025,9513351,"3.500,00",92,48.204.632/0001-01,EMPREENDELAB DESENVOLVIMENTO LTDA,1.1.9 Equipe de Monitoramento,,Co.NE,04/2025,"(3.500,00)"
Débito,Repasse,04/04/2025,9513354,"20.000,00",02.01,48.845.755/0001-13,CORRE. TECNOLOGIAS SOCIAIS INOVA SIMPLES (I.S.),2.1.2 Premiações,,Impulso Regional,04/2025,"(20.000,00)"
Débito,Repasse,04/04/2025,9514490,"5.714,00",25,40.251.433/0001-34,LORENA DOS SANTOS FRANCA 04959770120,1.1.9 Equipe de Monitoramento,,Operação Básica,04/2025,"(5.714,00)"
Débito,Repasse,07/04/2025,9522027,"7.500,00",1,35.856.701/0001-01,SYBILLA GESTAO INTELIGENTE LTDA,1.1.2 Equipe Gestão Financeira,,Operação Básica,04/2025,"(7.500,00)"
Débito,Repasse,07/04/2025,9522033,"477,00",1411,24.388.741/0001-50,FLUXO ADMINISTRACAO INTELIGENTE LTDA,1.1.5 Serviços de apoio administrativo e financeiro,,Operação Básica,04/2025,"(477,00)"
Débito,Repasse,07/04/2025,9522036,"7.000,00",180,42.403.625/0001-44,NOUS DESIGN E COMUNICACAO LTDA,2.3.2 Serviço de Facilitação,,Oficina MCTI,04/2025,"(7.000,00)"
Débito,Repasse,10/04/2025,9528638,"1.898,06",225,37.755.223/0001-79,CARRUSCA SOCIEDADE INDIVIDUAL DE ADVOCACIA,1.1.4 Serviços Advocatícios,,Operação Básica,04/2025,"(1.898,06)"
Débito,Repasse,10/04/2025,9528640,"7.000,00",284,27.793.145/0001-43,SM VENTURES GESTAO ADMINISTRATIVA LTDA,1.1.2 Equipe Gestão Financeira,,Operação Básica,04/2025,"(7.000,00)"
Débito,Repasse,11/04/2025,9488531,"137,35",1,55.169.662/0001-81,55.169.662 GIOVANNA MARQUES DOS SANTOS,3.2.4 Serviços de Eventos,,Operação Básica,04/2025,"(137,35)"
Débito,Repasse,17/04/2025,9539606,"100,00",21,18.702.797/0001-34,ASSOCIACAO IMPACT HUB BRASIL,1.1.5 Serviços de apoio administrativo e financeiro,Reembolso ao Institucional,Operação Básica,04/2025,"(100,00)"
Débito,Repasse,17/04/2025,9539607,"156,19",22,18.702.797/0001-34,ASSOCIACAO IMPACT HUB BRASIL / Clicksign,1.1.5 Serviços de apoio administrativo e financeiro,Reembolso ao Institucional,Operação Básica,04/2025,"(156,19)"
Débito,Repasse,17/04/2025,9539611,"5.900,00",458,30.870.118/0001-31,CRIA PRODUCOES ARTISTICAS LTDA,3.3.4 Serviço Audiovisual,,Impulso Regional,04/2025,"(5.900,00)"
Débito,Repasse,17/04/2025,9539609,"18.000,00",3,59.704.598/0001-42,SOHAM GESTAO E PLANEJAMENTO LTDA,1.1.1 Equipe de Coordenação,,Co.NE,04/2025,"(18.000,00)"
Débito,Repasse,17/04/2025,9539642,"15.551,33",45748,443.177.863-20,FRANCISCO SALES AVILA CAVALCANTE,2.1.2 Premiações,,Impulso Regional,04/2025,"(15.551,33)"
Débito,Repasse,17/04/2025,9539644,"15.551,33",02.04,324.495.688-24,RAFAEL GIORGI COSTA,2.1.2 Premiações,,Impulso Regional,04/2025,"(15.551,33)"
Débito,Repasse,17/04/2025,9539608,"20.000,00",18,36.400.235/0001-18,I. BRESSAN,2.1.2 Premiações,,Impulso Regional,04/2025,"(20.000,00)"
Débito,Repasse,08/05/2025,9545716,"14.000,00",304,27.059.399/0001-32,IMPACT HUB BRASILIA LTDA,2.2.1 Eventos,,Oficina MCTI,05/2025,"(14.000,00)"
Débito,Repasse,08/05/2025,9553309,"2.250,00",226,39.562.199/0001-87,STUDIO INFINITU FILMES LTDA,2.3.2 Serviço de Facilitação,,Impulso Regional,05/2025,"(2.250,00)"
Débito,Repasse,08/05/2025,9573146,"2.312,60",39,55.505.276/0001-13,RULIAN BELINSKI MAFTUM  LTDA,2.3.2 Serviço de Facilitação,,Impulso Regional,05/2025,"(2.312,60)"
Débito,Repasse,08/05/2025,9553306,"20.000,00",20251,53.595.015/0001-06,INOVABEE INDUSTRIA IMPORTACAO E EXPORTACAO DE PRODUTOS APICOLAS LTDA,2.1.2 Premiações,,Impulso Regional,05/2025,"(20.000,00)"
Débito,Repasse,08/05/2025,9573115,"3.300,00",11,42.779.002/0001-70,42.779.002 BRUNA ARAUJO DE SOUZA,1.1.2 Equipe Gestão Financeira,,Operação Básica,05/2025,"(3.300,00)"
Débito,Repasse,08/05/2025,9573118,"3.000,00",13,55.169.662/0001-81,55.169.662 GIOVANNA MARQUES DOS SANTOS,3.2.4 Serviços de Eventos,,Operação Básica,05/2025,"(3.000,00)"
Débito,Repasse,08/05/2025,9573121,"7.500,00",2,35.856.701/0001-01,SYBILLA GESTAO INTELIGENTE LTDA,1.1.2 Equipe Gestão Financeira,,Operação Básica,05/2025,"(7.500,00)"
Débito,Repasse,08/05/2025,9573123,"2.750,00",20,51.063.679/0001-07,MILENA DE AGUIAR SOARES,1.1.3 Equipe de Comunicação,,Co.NE,05/2025,"(2.750,00)"
Débito,Repasse,08/05/2025,9573125,"4.000,00",24,51.329.383/0001-87,51.329.383 LUANA NOVA PASSOS RAMOS,1.1.3 Equipe de Comunicação,,Co.NE,05/2025,"(4.000,00)"
Débito,Repasse,08/05/2025,9573128,"4.950,00",25,42.535.257/0001-98,GIOVANA SAKAI ROQUE 05189928101,1.1.3 Equipe de Comunicação,,Operação Básica,05/2025,"(4.950,00)"
Débito,Repasse,08/05/2025,9573130,"6.000,00",26,40.251.433/0001-34,LORENA DOS SANTOS FRANCA 04959770120,1.1.9 Equipe de Monitoramento,,Operação Básica,05/2025,"(6.000,00)"
Débito,Repasse,08/05/2025,9573133,"3.000,00",3,59.427.894/0001-43,59.427.894 NICOLLY PRIMO VIEIRA,1.1.3 Equipe de Comunicação,,Operação Básica,05/2025,"(3.000,00)"
Débito,Repasse,08/05/2025,9573112,"7.500,00",110,47.339.597/0001-67,AFROIMPACTO TREINAMENTO E CONSULTORIA LTDA,1.2.2 Serviços de Especialistas,,Impulso Regional,05/2025,"(7.500,00)"
Débito,Repasse,08/05/2025,9573135,"3.584,00",31,50.919.079/0001-27,50.919.079 MAIA GUERREIRO KRUSCINSCKI,1.2.2 Serviços de Especialistas,,Impulso Regional,05/2025,"(3.584,00)"
Débito,Repasse,08/05/2025,9573137,"400,00",33,36.324.480/0001-93,ZFN CAPACITACAO E ESTRATEGIAS DE RESULTADOS LTDA,2.3.2 Serviço de Facilitação,,Impulso Regional,05/2025,"(400,00)"
Débito,Repasse,08/05/2025,9573140,"450,00",34,41.719.200/0001-86,JESSICA MOREIRA CAETANO LIMITADA,2.3.2 Serviço de Facilitação,,Impulso Regional,05/2025,"(450,00)"
Débito,Repasse,08/05/2025,9573144,"8.000,00",36,51.483.793/0001-88,CAROLINA TOMAZ BARBOSA LTDA,1.2.2 Serviços de Especialistas,,Co.NE,05/2025,"(8.000,00)"
Débito,Repasse,08/05/2025,9573142,"5.800,00",35,50.024.365/0001-24,50.024.365 MARIE MARIN PACHECO,1.2.2 Serviços de Especialistas,,Impulso Regional,05/2025,"(5.800,00)"
Débito,Repasse,08/05/2025,9573151,"3.500,00",98,48.204.632/0001-01,EMPREENDELAB DESENVOLVIMENTO LTDA,1.1.9 Equipe de Monitoramento,,Co.NE,05/2025,"(3.500,00)"
Débito,Repasse,08/05/2025,9574548,"18.000,00",4,59.704.598/0001-42,SOHAM GESTAO E PLANEJAMENTO LTDA,1.1.1 Equipe de Coordenação,,Operação Básica,05/2025,"(18.000,00)"
Crédito,Contrapartida,08/05/2025,,"100.000,00",,,BID,0.0.0 Recurso,Captação,Co.NE,05/2025,"100.000,00"
Crédito,Contrapartida,09/05/2025,,"44.357,11",,,BID,0.0.0 Recurso,Captação,Co.NE,05/2025,"44.357,11"
Débito,Repasse,13/05/2025,9589042,"441,00",1453,24.388.741/0001-50,FLUXO ADMINISTRACAO INTELIGENTE LTDA,1.1.5 Serviços de apoio administrativo e financeiro,,Operação Básica,05/2025,"(441,00)"
Débito,Repasse,13/05/2025,9589065,"20.000,00",80,31.493.748/0001-05,AYABESE INOVACAO EM REDE LTDA,2.1.2 Premiações,,Impulso Regional,05/2025,"(20.000,00)"
Débito,Repasse,13/05/2025,9589044,"450,00",18,53.186.093/0001-57,POSOLIVEIRA LTDA,2.3.2 Serviço de Facilitação,,Impulso Regional,05/2025,"(450,00)"
Débito,Repasse,13/05/2025,9589048,"1.898,06",233,37.755.223/0001-79,CARRUSCA SOCIEDADE INDIVIDUAL DE ADVOCACIA,1.1.4 Serviços Advocatícios,,Operação Básica,05/2025,"(1.898,06)"
Débito,Repasse,13/05/2025,9589047,"400,00",19,53.431.408/0001-84,ECOSSISTEMA DE IMPACTO LTDA,2.3.1 Serviços de Mentoria,,Impulso Regional,05/2025,"(400,00)"
Débito,Repasse,13/05/2025,9589050,"400,00",24,21.787.888/0001-24,21.787.888 VITOR MARCHI MORENO DIAS,2.3.1 Serviços de Mentoria,,Impulso Regional,05/2025,"(400,00)"
Débito,Repasse,13/05/2025,9589051,"400,00",30,52.499.089/0001-86,52.499.089 ALAN PATRICK CAVALCANTE DA SILVEIRA,2.3.1 Serviços de Mentoria,,Impulso Regional,05/2025,"(400,00)"
Débito,Repasse,13/05/2025,9589058,"450,00",40,46.600.859/0001-32,GDP ADVISORS LTDA,2.3.2 Serviço de Facilitação,,Impulso Regional,05/2025,"(450,00)"
Débito,Repasse,13/05/2025,9589060,"24.026,54",42409,18.416.259/0001-83,COMPANHIA DE IMPACTO S/A,2.3.1 Serviços de Mentoria,,Impulso Regional,05/2025,"(24.026,54)"
Débito,Repasse,13/05/2025,9589063,"450,00",487,14.794.953/0001-83,"FUTURIZE INOVACAO CORPORATIVA, ASSESSORIA E TREINAMENTO PROFISSIONAL E GERENCIAL LTDA",2.3.2 Serviço de Facilitação,,Impulso Regional,05/2025,"(450,00)"
Débito,Repasse,13/05/2025,9589068,"450,00",85,50.367.636/0001-44,IVY CRISTINY N BRUNO LTDA,2.3.2 Serviço de Facilitação,,Impulso Regional,05/2025,"(450,00)"
Débito,Repasse,13/05/2025,9589070,"400,00",90,19.630.517/0001-92,QUERETTE CONSULTORIA E PESQUISA LTDA,2.3.1 Serviços de Mentoria,,Impulso Regional,05/2025,"(400,00)"
Débito,Repasse,13/05/2025,9589160,"6.400,00",59,48.160.890/0001-25,ARICEYA ALBUQUERQUE LTDA,1.2.1 Serviços de Consultoria,,Operação Básica,05/2025,"(6.400,00)"
Débito,Repasse,13/05/2025,9589425,"9.000,00",5,59.704.598/0001-42,SOHAM GESTAO E PLANEJAMENTO LTDA,1.1.1 Equipe de Coordenação,,Co.NE,05/2025,"(9.000,00)"
Débito,Repasse,20/05/2025,9598196,"9.000,00",5,59.704.598/0001-42,SOHAM GESTAO E PLANEJAMENTO LTDA,1.1.1 Equipe de Coordenação,,Co.NE,05/2025,"(9.000,00)"
Débito,Repasse,20/05/2025,9599713,"18.770,00",350,51.340.704/0001-44,PLACE SOLUCOES EM TECNOLOGIA LTDA,2.1.2 Premiações,,Impulso Regional,05/2025,"(18.770,00)"
Débito,Repasse,20/05/2025,9599709,"400,00",11,32.979.439/0001-02,32.979.439 FRANKLIN THIAGO RIBEIRO YAMACAKE,2.3.1 Serviços de Mentoria,,Impulso Regional,05/2025,"(400,00)"
Débito,Repasse,20/05/2025,9599715,"400,00",754,21.534.164/0001-79,CLUBE DE NEGOCIOS COWORKING LTDA.,2.3.1 Serviços de Mentoria,,Impulso Regional,05/2025,"(400,00)"
Débito,Repasse,20/05/2025,9599991,"156,19",25,18.702.797/0001-34,ASSOCIACAO IMPACT HUB BRASIL / Clicksign,1.1.5 Serviços de apoio administrativo e financeiro,Reembolso ao Institucional,Operação Básica,05/2025,"(156,19)"
Débito,Repasse,27/05/2025,9610007,"7.000,00",293,27.793.145/0001-43,SM VENTURES GESTAO ADMINISTRATIVA LTDA,1.1.2 Equipe Gestão Financeira,,Operação Básica,05/2025,"(7.000,00)"
Débito,Repasse,27/05/2025,9610755,"7.000,00",6,58.878.561/0001-78,58.878.561 GABRIELA DE SOUZA FEITOSA,3.5.1 Gestão de comunidades,,Impulso Regional,05/2025,"(7.000,00)"
Débito,Repasse,27/05/2025,9610752,"450,00",23,36.523.068/0001-00,36.523.068 LINCOLN FERDINAND OLIVEIRA SILVA,2.3.2 Serviço de Facilitação,,Impulso Regional,05/2025,"(450,00)"
Débito,Repasse,03/06/2025,9625766,"8.000,00",39,51.483.793/0001-88,CAROLINA TOMAZ BARBOSA LTDA,1.2.2 Serviços de Especialistas,,Co.NE,06/2025,"(8.000,00)"
Débito,Repasse,03/06/2025,9625768,"7.500,00",3,35.856.701/0001-01,SYBILLA GESTAO INTELIGENTE LTDA,1.1.2 Equipe Gestão Financeira,,Operação Básica,06/2025,"(7.500,00)"
Débito,Repasse,03/06/2025,9625781,"3.006,40",41,55.505.276/0001-13,RULIAN BELINSKI MAFTUM  LTDA,2.3.2 Serviço de Facilitação,,Impulso Regional,06/2025,"(3.006,40)"
Débito,Repasse,03/06/2025,9625771,"6.000,00",28,40.251.433/0001-34,LORENA DOS SANTOS FRANCA 04959770120,1.1.9 Equipe de Monitoramento,,Operação Básica,06/2025,"(6.000,00)"
Débito,Repasse,03/06/2025,9625769,"7.500,00",115,47.339.597/0001-67,AFROIMPACTO TREINAMENTO E CONSULTORIA LTDA,1.2.2 Serviços de Especialistas,,Impulso Regional,06/2025,"(7.500,00)"
Débito,Repasse,03/06/2025,9625775,"4.950,00",26,42.535.257/0001-98,GIOVANA SAKAI ROQUE 05189928101,1.1.3 Equipe de Comunicação,,Operação Básica,06/2025,"(4.950,00)"
Débito,Repasse,03/06/2025,9625777,"4.000,00",25,51.329.383/0001-87,51.329.383 LUANA NOVA PASSOS RAMOS,1.1.3 Equipe de Comunicação,,Co.NE,06/2025,"(4.000,00)"
Débito,Repasse,03/06/2025,9625773,"5.800,00",37,50.024.365/0001-24,50.024.365 MARIE MARIN PACHECO,1.2.2 Serviços de Especialistas,,Impulso Regional,06/2025,"(5.800,00)"
Débito,Repasse,03/06/2025,9625779,"3.500,00",103,48.204.632/0001-01,EMPREENDELAB DESENVOLVIMENTO LTDA,1.1.9 Equipe de Monitoramento,,Co.NE,06/2025,"(3.500,00)"
Débito,Repasse,03/06/2025,9625780,"3.300,00",12,42.779.002/0001-70,42.779.002 BRUNA ARAUJO DE SOUZA,1.1.2 Equipe Gestão Financeira,,Operação Básica,06/2025,"(3.300,00)"
Débito,Repasse,03/06/2025,9625778,"3.584,00",32,50.919.079/0001-27,50.919.079 MAIA GUERREIRO KRUSCINSCKI,1.2.2 Serviços de Especialistas,,Impulso Regional,06/2025,"(3.584,00)"
Débito,Repasse,03/06/2025,9625782,"3.000,00",14,55.169.662/0001-81,55.169.662 GIOVANNA MARQUES DOS SANTOS,3.2.4 Serviços de Eventos,,Operação Básica,06/2025,"(3.000,00)"
Débito,Repasse,03/06/2025,9625783,"3.000,00",3,59.427.894/0001-43,59.427.894 NICOLLY PRIMO VIEIRA,1.1.3 Equipe de Comunicação,,Operação Básica,06/2025,"(3.000,00)"
Débito,Repasse,03/06/2025,9625784,"2.750,00",21,51.063.679/0001-07,MILENA DE AGUIAR SOARES,1.1.3 Equipe de Comunicação,,Co.NE,06/2025,"(2.750,00)"
Crédito,Contrapartida,04/06/2025,,"288.714,20",,,BID,0.0.0 Recurso,Captação,Co.NE,06/2025,"288.714,20"
Débito,Repasse,06/06/2025,9642024,"3.500,00",297,27.793.145/0001-43,SM VENTURES GESTAO ADMINISTRATIVA LTDA,1.1.2 Equipe Gestão Financeira,,Operação Básica,06/2025,"(3.500,00)"
Débito,Repasse,06/06/2025,9642029,"1.898,06",243,37.755.223/0001-79,CARRUSCA SOCIEDADE INDIVIDUAL DE ADVOCACIA,1.1.4 Serviços Advocatícios,,Operação Básica,06/2025,"(1.898,06)"
Débito,Repasse,06/06/2025,9642040,"21.000,00",33,42.049.099/0001-66,RODOLFO CALDONAZZO COBRA 01642844608,4.1.1 Despesas com captação,,Operação Básica,06/2025,"(21.000,00)"
Débito,Repasse,06/06/2025,9642143,"6.400,00",64,48.160.890/0001-25,ARICEYA ALBUQUERQUE LTDA,1.2.1 Serviços de Consultoria,,Operação Básica,06/2025,"(6.400,00)"
Débito,Repasse,10/06/2025,9649761,"9.000,00",7,59.704.598/0001-42,SOHAM GESTAO E PLANEJAMENTO LTDA,1.1.1 Equipe de Coordenação,,Co.NE,06/2025,"(9.000,00)"
Débito,Repasse,11/06/2025,9650289,"450,00",10,31.861.003/0001-43,PELLI EVENTOS LTDA,2.3.2 Serviço de Facilitação,,Impulso Regional,06/2025,"(450,00)"
Débito,Repasse,11/06/2025,9650292,"450,00",2226,34.924.976/0001-72,CUNHA & MANTOVANI ADVOGADOS ASSOCIADOS,2.3.2 Serviço de Facilitação,,Impulso Regional,06/2025,"(450,00)"
Crédito,Repasse,25/06/2025,,"125.000,00",,,ENAP,0.0.0 Recurso,Aporte,Operação Básica,06/2025,"125.000,00"
Débito,Repasse,26/06/2025,9674443,"9.000,00",8,59.704.598/0001-42,SOHAM GESTAO E PLANEJAMENTO LTDA,1.1.1 Equipe de Coordenação,,Operação Básica,06/2025,"(9.000,00)"
Débito,Repasse,26/06/2025,9674779,"400,00",496,14.794.953/0001-83,"FUTURIZE INOVACAO CORPORATIVA, ASSESSORIA E TREINAMENTO PROFISSIONAL E GERENCIAL LTDA",2.3.2 Serviço de Facilitação,,Impulso Regional,06/2025,"(400,00)"
Débito,Repasse,26/06/2025,9675543,"504,00",1528,24.388.741/0001-50,FLUXO ADMINISTRACAO INTELIGENTE LTDA,1.1.5 Serviços de apoio administrativo e financeiro,,Operação Básica,06/2025,"(504,00)"
Débito,Repasse,01/07/2025,9682507,"8.500,00",4,35.856.701/0001-01,SYBILLA GESTAO INTELIGENTE LTDA,1.1.2 Equipe Gestão Financeira,,Operação Básica,07/2025,"(8.500,00)"
Débito,Repasse,01/07/2025,9684120,"7.000,00",7,58.878.561/0001-78,58.878.561 GABRIELA DE SOUZA FEITOSA,3.5.1 Gestão de comunidades,,Impulso Regional,07/2025,"(7.000,00)"
Débito,Repasse,01/07/2025,9682509,"500,00",25,36.523.068/0001-00,36.523.068 LINCOLN FERDINAND OLIVEIRA SILVA,2.3.2 Serviço de Facilitação,,Impulso Regional,07/2025,"(500,00)"
Débito,Repasse,01/07/2025,9682575,"8.000,00",48,51.483.793/0001-88,CAROLINA TOMAZ BARBOSA LTDA,1.2.2 Serviços de Especialistas,,Co.NE,07/2025,"(8.000,00)"
Débito,Repasse,01/07/2025,9682510,"250,00",28,21.787.888/0001-24,21.787.888 VITOR MARCHI MORENO DIAS,2.3.1 Serviços de Mentoria,,Impulso Regional,07/2025,"(250,00)"
Débito,Repasse,01/07/2025,9682649,"3.000,00",15,55.169.662/0001-81,55.169.662 GIOVANNA MARQUES DOS SANTOS,3.2.4 Serviços de Eventos,,Operação Básica,07/2025,"(3.000,00)"
Débito,Repasse,01/07/2025,9682654,"4.950,00",27,42.535.257/0001-98,GIOVANA SAKAI ROQUE 05189928101,1.1.3 Equipe de Comunicação,,Operação Básica,07/2025,"(4.950,00)"
Débito,Repasse,01/07/2025,9682773,"2.750,00",22,51.063.679/0001-07,MILENA DE AGUIAR SOARES,1.1.3 Equipe de Comunicação,,Co.NE,07/2025,"(2.750,00)"
Débito,Repasse,01/07/2025,9682580,"5.800,00",38,50.024.365/0001-24,50.024.365 MARIE MARIN PACHECO,1.2.2 Serviços de Especialistas,,Impulso Regional,07/2025,"(5.800,00)"
Débito,Repasse,01/07/2025,9682782,"3.000,00",4,59.427.894/0001-43,59.427.894 NICOLLY PRIMO VIEIRA,1.1.3 Equipe de Comunicação,,Operação Básica,07/2025,"(3.000,00)"
Débito,Repasse,01/07/2025,9682780,"3.584,00",33,50.919.079/0001-27,50.919.079 MAIA GUERREIRO KRUSCINSCKI,1.2.2 Serviços de Especialistas,,Impulso Regional,07/2025,"(3.584,00)"
Débito,Repasse,04/07/2025,9693936,"1.898,06",252,37.755.223/0001-79,CARRUSCA SOCIEDADE INDIVIDUAL DE ADVOCACIA,1.1.4 Serviços Advocatícios,,Operação Básica,07/2025,"(1.898,06)"
Débito,Repasse,04/07/2025,9693944,"6.000,00",31,40.251.433/0001-34,LORENA DOS SANTOS FRANCA 04959770120,1.1.9 Equipe de Monitoramento,,Operação Básica,07/2025,"(6.000,00)"
Débito,Repasse,04/07/2025,9693946,"3.500,00",311,27.793.145/0001-43,SM VENTURES GESTAO ADMINISTRATIVA LTDA,1.1.2 Equipe Gestão Financeira,,Operação Básica,07/2025,"(3.500,00)"
Débito,Repasse,04/07/2025,9693951,"7.000,00",34,42.049.099/0001-66,RODOLFO CALDONAZZO COBRA 01642844608,4.1.1 Despesas com captação,,Operação Básica,07/2025,"(7.000,00)"
Débito,Repasse,04/07/2025,9701272,"21.653,57",26,18.702.797/0001-34,ASSOCIACAO IMPACT HUB BRASIL / ISS BID,1.1.8 Impostos,Reembolso ao Institucional,Co.NE,07/2025,"(21.653,57)"
Débito,Repasse,04/07/2025,9693953,"1.040,07",45,55.505.276/0001-13,RULIAN BELINSKI MAFTUM  LTDA,2.3.2 Serviço de Facilitação,Reembolso ao Institucional,Impulso Regional,07/2025,"(1.040,07)"
Débito,Repasse,04/07/2025,9693962,"9.000,00",9,59.704.598/0001-42,SOHAM GESTAO E PLANEJAMENTO LTDA,1.1.1 Equipe de Coordenação,,Operação Básica,07/2025,"(9.000,00)"
Débito,Repasse,04/07/2025,9693960,"750,00",60,42.027.279/0001-47,INFILL PESQUISA E DESENVOLVIMENTO LTDA,2.3.1 Serviços de Mentoria,,Impulso Regional,07/2025,"(750,00)"
Débito,Repasse,04/07/2025,9700900,"378,00",1563,24.388.741/0001-50,FLUXO ADMINISTRACAO INTELIGENTE LTDA,1.1.5 Serviços de apoio administrativo e financeiro,,Operação Básica,07/2025,"(378,00)"
Débito,Repasse,04/07/2025,9694321,"500,00",485,48.438.836/0001-07,DEBORA XIMENES SOCIEDADE INDIVIDUAL DE ADVOCACIA,2.3.1 Serviços de Mentoria,Reembolso ao Institucional,Impulso Regional,07/2025,"(500,00)"
Débito,Repasse,04/07/2025,9704065,"5.000,00",31,33.343.448/0001-67,ALESSANDRA FERNANDES ALVES,2.3.2 Serviço de Facilitação,Reembolso ao Institucional,Impulso Regional,07/2025,"(5.000,00)"
Débito,Repasse,04/07/2025,9701272,"4.448,67",26,18.702.797/0001-34,ASSOCIACAO IMPACT HUB BRASIL / IRRF Premiação Desafios Francisco,2.1.2 Premiações,Reembolso ao Institucional,Impulso Regional,07/2025,"(4.448,67)"
Débito,Repasse,05/07/2025,9701272,"4.448,67",26,18.702.797/0001-34,ASSOCIACAO IMPACT HUB BRASIL / IRRF Premiação Desafios Rafael,2.1.2 Premiações,Reembolso ao Institucional,Impulso Regional,07/2025,"(4.448,67)"
Débito,Repasse,05/07/2025,9701272,"1.045,05",26,18.702.797/0001-34,ASSOCIACAO IMPACT HUB BRASIL / IRRF Premiação Hackaton,2.1.2 Premiações,Reembolso ao Institucional,Impulso Regional,07/2025,"(1.045,05)"
Débito,Repasse,05/07/2025,9701272,"1.230,00",26,18.702.797/0001-34,ASSOCIACAO IMPACT HUB BRASIL / IRRF e CRF Premiação Desafios Place,2.1.2 Premiações,Reembolso ao Institucional,Impulso Regional,07/2025,"(1.230,00)"
Débito,Repasse,05/07/2025,9701272,"1.574,46",26,18.702.797/0001-34,ASSOCIACAO IMPACT HUB BRASIL / IRRF e CRF NF 42409,1.2.4 Impostos,Reembolso ao Institucional,Impulso Regional,07/2025,"(1.574,46)"
Débito,Repasse,08/07/2025,9701272,"156,19",26,18.702.797/0001-34,ASSOCIACAO IMPACT HUB BRASIL / Clicksign,1.1.5 Serviços de apoio administrativo e financeiro,Reembolso ao Institucional,Operação Básica,07/2025,"(156,19)"
Débito,Repasse,11/07/2025,9714648,"9.000,00",10,59.704.598/0001-42,SOHAM GESTAO E PLANEJAMENTO LTDA,1.1.1 Equipe de Coordenação,,Operação Básica,07/2025,"(9.000,00)"
Débito,Repasse,11/07/2025,9714650,"3.500,00",108,48.204.632/0001-01,EMPREENDELAB DESENVOLVIMENTO LTDA,1.1.9 Equipe de Monitoramento,,Co.NE,07/2025,"(3.500,00)"
Débito,Repasse,11/07/2025,9717848,"1.080,00",253,18.030.971/0001-40,MNB - SERVICOS DE EDICAO S/S LTDA,2.3.1 Serviços de Mentoria,,Impulso Regional,07/2025,"(1.080,00)"
Débito,Repasse,11/07/2025,9717852,"250,00",78,41.247.678/0001-50,PAMELA ADAMY ROCHA - SOCIEDADE INDIVIDUAL DE ADVOCACIA,2.3.1 Serviços de Mentoria,,Impulso Regional,07/2025,"(250,00)"
Débito,Repasse,16/07/2025,9727624,"6.435,47",196,39.722.617/0001-56,AGENCIA DE VIAGENS KELLY CAMARA LTDA,2.2.1 Eventos,,Impulso Regional,07/2025,"(6.435,47)"
Débito,Repasse,16/07/2025,9727627,"14.077,50",43715,18.416.259/0001-83,COMPANHIA DE IMPACTO S/A,2.2.1 Eventos,,Impulso Regional,07/2025,"(14.077,50)"
Débito,Repasse,22/07/2025,9734741,"250,00",11,31.861.003/0001-43,PELLI EVENTOS LTDA,2.3.1 Serviços de Mentoria,,Impulso Regional,07/2025,"(250,00)"
Débito,Repasse,22/07/2025,9734743,"450,00",34,50.343.036/0001-46,50.343.036 WELME RODRIGUES DE SOUZA,2.3.2 Serviço de Facilitação,,Impulso Regional,07/2025,"(450,00)"
Débito,Repasse,22/07/2025,9735521,"1.000,00",2293,34.924.976/0001-72,CUNHA & MANTOVANI ADVOGADOS ASSOCIADOS,2.3.1 Serviços de Mentoria,,Impulso Regional,07/2025,"(1.000,00)"
Crédito,Repasse,29/07/2025,,"21.000,00",,,MDS,0.0.0 Recurso,Captação,Oficina Alimenta Cidades,07/2025,"21.000,00"
Débito,Repasse,06/08/2025,9778209,"3.500,00",328,27.793.145/0001-43,SM VENTURES GESTAO ADMINISTRATIVA LTDA,1.1.2 Equipe Gestão Financeira,,Operação Básica,08/2025,"(3.500,00)"
Débito,Repasse,06/08/2025,9776667,"513,00",1628,24.388.741/0001-50,FLUXO ADMINISTRACAO INTELIGENTE LTDA,1.1.5 Serviços de apoio administrativo e financeiro,,Operação Básica,08/2025,"(513,00)"
Débito,Repasse,06/08/2025,9776664,"1.750,00",111,48.204.632/0001-01,EMPREENDELAB DESENVOLVIMENTO LTDA,1.1.9 Equipe de Monitoramento,,Co.NE,08/2025,"(1.750,00)"
Débito,Repasse,06/08/2025,9776663,"1.898,06",263,37.755.223/0001-79,CARRUSCA SOCIEDADE INDIVIDUAL DE ADVOCACIA,1.1.4 Serviços Advocatícios,,Operação Básica,08/2025,"(1.898,06)"
Débito,Repasse,06/08/2025,9776661,"3.000,00",16,55.169.662/0001-81,55.169.662 GIOVANNA MARQUES DOS SANTOS,3.2.4 Serviços de Eventos,,Operação Básica,08/2025,"(3.000,00)"
Débito,Repasse,06/08/2025,9776659,"4.950,00",28,42.535.257/0001-98,GIOVANA SAKAI ROQUE 05189928101,1.1.3 Equipe de Comunicação,,Operação Básica,08/2025,"(4.950,00)"
Débito,Repasse,06/08/2025,9778125,"1.040,07",48,55.505.276/0001-13,RULIAN BELINSKI MAFTUM  LTDA,2.3.2 Serviço de Facilitação,,Impulso Regional,08/2025,"(1.040,07)"
Débito,Repasse,06/08/2025,9776652,"6.000,00",34,40.251.433/0001-34,LORENA DOS SANTOS FRANCA 04959770120,1.1.9 Equipe de Monitoramento,,Operação Básica,08/2025,"(6.000,00)"
Débito,Repasse,06/08/2025,9776651,"7.000,00",37,42.049.099/0001-66,RODOLFO CALDONAZZO COBRA 01642844608,4.1.1 Despesas com captação,,Operação Básica,08/2025,"(7.000,00)"
Débito,Repasse,06/08/2025,9776650,"7.000,00",51,51.483.793/0001-88,CAROLINA TOMAZ BARBOSA LTDA,1.2.2 Serviços de Especialistas,,Co.NE,08/2025,"(7.000,00)"
Débito,Repasse,06/08/2025,9776649,"8.500,00",5,35.856.701/0001-01,SYBILLA GESTAO INTELIGENTE LTDA,1.1.2 Equipe Gestão Financeira,,Operação Básica,08/2025,"(8.500,00)"
Débito,Repasse,06/08/2025,9776648,"9.000,00",11,59.704.598/0001-42,SOHAM GESTAO E PLANEJAMENTO LTDA,1.1.1 Equipe de Coordenação,,Operação Básica,08/2025,"(9.000,00)"
Débito,Repasse,06/08/2025,9778686,"750,00",20,37.170.220/0001-73,37.170.220 LILIAN DORNELAS DUARTE,2.3.1 Serviços de Mentoria,,Impulso Regional,08/2025,"(750,00)"
Débito,Repasse,06/08/2025,9776660,"3.584,00",34,50.919.079/0001-27,50.919.079 MAIA GUERREIRO KRUSCINSCKI,1.2.2 Serviços de Especialistas,,Impulso Regional,08/2025,"(3.584,00)"
Débito,Repasse,06/08/2025,9776658,"5.000,00",33,33.343.448/0001-67,ALESSANDRA FERNANDES ALVES,2.3.2 Serviço de Facilitação,,Impulso Regional,08/2025,"(5.000,00)"
Débito,Repasse,06/08/2025,9776653,"5.800,00",41,50.024.365/0001-24,50.024.365 MARIE MARIN PACHECO,1.2.2 Serviços de Especialistas,,Impulso Regional,08/2025,"(5.800,00)"
Débito,Repasse,08/08/2025,9780922,"28.000,00",137,24.864.752/0001-69,MARCELLO MARQUES ESPIRITO SANTO SERVICOS E TREINAMENTOS LTDA,1.2.2 Serviços de Especialistas,,Co.NE,08/2025,"(28.000,00)"
Débito,Repasse,08/08/2025,9780917,"9.000,00",12,59.704.598/0001-42,SOHAM GESTAO E PLANEJAMENTO LTDA,1.1.1 Equipe de Coordenação,,Operação Básica,08/2025,"(9.000,00)"
Débito,Repasse,08/08/2025,9783582,"700,00",566,22.144.641/0001-52,COFFEBREAK EVENTOS LTDA,2.2.1 Eventos,,Impulso Regional,08/2025,"(700,00)"
Débito,Repasse,14/08/2025,9792731,"3.598,43",198,39.722.617/0001-56,AGENCIA DE VIAGENS KELLY CAMARA LTDA,1.1.6 Logística,,Co.NE,08/2025,"(3.598,43)"
Débito,Repasse,14/08/2025,9792743,"20.897,58",43999,18.416.259/0001-83,COMPANHIA DE IMPACTO S/A,1.3.2 Serviço de Avaliação,,Impulso Regional,08/2025,"(20.897,58)"
Débito,Repasse,14/08/2025,9792708,"312,38",00027,18.702.797/0001-34,ASSOCIACAO IMPACT HUB BRASIL / Clicksign,1.1.5 Serviços de apoio administrativo e financeiro,Reembolso ao Institucional,Operação Básica,08/2025,"(312,38)"
Débito,Repasse,21/08/2025,9803204,"700,00",574,22.144.641/0001-52,COFFEBREAK EVENTOS LTDA,2.2.1 Eventos,,Impulso Regional,08/2025,"(700,00)"
Débito,Repasse,01/09/2025,9824629,"46,67",1,076.607.951-12,JULIA SOARES SILVA,1.1.2 Equipe Gestão Financeira,,Operação Básica,09/2025,"(46,67)"
Débito,Repasse,01/09/2025,9824594,"7.000,00",46,51.483.793/0001-88,CAROLINA TOMAZ BARBOSA LTDA,1.2.2 Serviços de Especialistas,,Co.NE,09/2025,"(7.000,00)"
Débito,Repasse,01/09/2025,9824575,"7.000,00",39,42.049.099/0001-66,RODOLFO CALDONAZZO COBRA 01642844608,4.1.1 Despesas com captação,,Operação Básica,09/2025,"(7.000,00)"
Débito,Repasse,01/09/2025,9824564,"8.500,00",6,35.856.701/0001-01,SYBILLA GESTAO INTELIGENTE LTDA,1.1.2 Equipe Gestão Financeira,,Operação Básica,09/2025,"(8.500,00)"
Débito,Repasse,01/09/2025,9824551,"9.000,00",13,59.704.598/0001-42,SOHAM GESTAO E PLANEJAMENTO LTDA,1.1.1 Equipe de Coordenação,,Operação Básica,09/2025,"(9.000,00)"
Débito,Repasse,01/09/2025,9824621,"3.584,00",35,50.919.079/0001-27,50.919.079 MAIA GUERREIRO KRUSCINSCKI,1.2.2 Serviços de Especialistas,,Impulso Regional,09/2025,"(3.584,00)"
Débito,Repasse,01/09/2025,9824603,"5.800,00",43,50.024.365/0001-24,50.024.365 MARIE MARIN PACHECO,1.2.2 Serviços de Especialistas,,Impulso Regional,09/2025,"(5.800,00)"
Débito,Repasse,02/09/2025,9831672,"243,00",1686,24.388.741/0001-50,FLUXO ADMINISTRACAO INTELIGENTE LTDA,1.1.5 Serviços de apoio administrativo e financeiro,,Operação Básica,09/2025,"(243,00)"
Débito,Repasse,02/09/2025,9828201,"750,00",119,48.204.632/0001-01,EMPREENDELAB DESENVOLVIMENTO LTDA,1.1.9 Equipe de Monitoramento,,Co.NE,09/2025,"(750,00)"
Débito,Repasse,02/09/2025,9828188,"1.400,00",2,076.607.951-12,JULIA SOARES SILVA,1.1.2 Equipe Gestão Financeira,,Operação Básica,09/2025,"(1.400,00)"
Débito,Repasse,02/09/2025,9828160,"1.898,06",275,37.755.223/0001-79,CARRUSCA SOCIEDADE INDIVIDUAL DE ADVOCACIA,1.1.4 Serviços Advocatícios,,Operação Básica,09/2025,"(1.898,06)"
Débito,Repasse,02/09/2025,9828153,"3.150,00",17,55.169.662/0001-81,55.169.662 GIOVANNA MARQUES DOS SANTOS,3.2.4 Serviços de Eventos,,Operação Básica,09/2025,"(3.150,00)"
Débito,Repasse,02/09/2025,9828147,"4.950,00",29,42.535.257/0001-98,GIOVANA SAKAI ROQUE 05189928101,1.1.3 Equipe de Comunicação,,Operação Básica,09/2025,"(4.950,00)"
Débito,Repasse,02/09/2025,9828139,"8.000,00",139,24.864.752/0001-69,MARCELLO MARQUES ESPIRITO SANTO SERVICOS E TREINAMENTOS LTDA,1.2.2 Serviços de Especialistas,,Co.NE,09/2025,"(8.000,00)"
Débito,Repasse,11/09/2025,9857945,"7.000,00",1,38.011.380/0001-32,COCRIATORIO TREINAMENTOS LTDA,1.2.2 Serviços de Especialistas,,Co.NE,09/2025,"(7.000,00)"
Débito,Repasse,11/09/2025,9857327,"30.273,03",319,27.059.399/0001-32,IMPACT HUB BRASILIA LTDA,1.1.1 Equipe de Coordenação,,Co.NE,09/2025,"(30.273,03)"
Débito,Repasse,11/09/2025,9857231,"9.000,00",14,59.704.598/0001-42,SOHAM GESTAO E PLANEJAMENTO LTDA,1.1.1 Equipe de Coordenação,,Operação Básica,09/2025,"(9.000,00)"
Débito,Repasse,11/09/2025,9857228,"3.500,00",338,27.793.145/0001-43,SM VENTURES GESTAO ADMINISTRATIVA LTDA,1.1.2 Equipe Gestão Financeira,,Operação Básica,09/2025,"(3.500,00)"
Débito,Repasse,23/09/2025,9874801,"97,00",1,59.427.894/0001-43,NICOLLY,2.2.1 Eventos,,Impulso Regional,09/2025,"(97,00)"
Débito,Rendimentos,23/09/2025,9874813,"30.000,00",1,31.493.748/0001-05,AYABESE INOVACAO EM REDE LTDA,2.1.2 Premiações,,Impulso Regional,09/2025,"(30.000,00)"
Débito,Repasse,23/09/2025,9875081,"2.583,11",3,324.495.688-24,RAFAEL GIORGI COSTA,2.1.2 Premiações,,Impulso Regional,09/2025,"(2.583,11)"
Débito,Rendimentos,23/09/2025,9875081,"20.075,62",3,324.495.688-24,RAFAEL GIORGI COSTA,2.1.2 Premiações,,Impulso Regional,09/2025,"(20.075,62)"
Débito,Rendimentos,23/09/2025,9874834,"30.000,00",4,48.845.755/0001-13,CORRE. TECNOLOGIAS SOCIAIS INOVA SIMPLES (I.S.),2.1.2 Premiações,,Impulso Regional,09/2025,"(30.000,00)"
Débito,Rendimentos,23/09/2025,9874854,"30.000,00",6,53.595.015/0001-06,INOVABEE INDUSTRIA IMPORTACAO E EXPORTACAO DE PRODUTOS APICOLAS LTDA,2.1.2 Premiações,,Impulso Regional,09/2025,"(30.000,00)"
Débito,Rendimentos,23/09/2025,9874876,"30.000,00",9,12.103.483/0001-39,SISMU SOFTWARE LTDA,2.1.2 Premiações,,Impulso Regional,09/2025,"(30.000,00)"
Débito,Rendimentos,23/09/2025,9874861,"30.000,00",8,19.702.474/0001-03,JANOO COMUNICACAO E TECNOLOGIA LTDA,2.1.2 Premiações,,Impulso Regional,09/2025,"(30.000,00)"
Débito,Repasse,23/09/2025,9874891,"22.658,73",7,443.177.863-20,FRANCISCO SALES AVILA CAVALCANTE,2.1.2 Premiações,,Impulso Regional,09/2025,"(22.658,73)"
Débito,Rendimentos,23/09/2025,9874841,"30.000,00",5,36.400.235/0001-18,I. BRESSAN,2.1.2 Premiações,,Impulso Regional,09/2025,"(30.000,00)"
Débito,Repasse,23/09/2025,9874896,"156,19",00028,18.702.797/0001-34,ASSOCIACAO IMPACT HUB BRASIL / Clicksign,1.1.5 Serviços de apoio administrativo e financeiro,Reembolso ao Institucional,Operação Básica,09/2025,"(156,19)"
Crédito,Repasse,20/10/2025,,"115.000,00",,,MDA,0.0.0 Recurso,Captação,Inovação Crédito Fundiário,10/2025,"115.000,00"
Débito,Contrapartida,30/10/2025,9959121,"922,50",47,18.702.797/0001-34,ASSOCIACAO IMPACT HUB BRASIL / NF 43715,1.2.4 Impostos,Reembolso ao Institucional,Impulso Regional,10/2025,"(922,50)"
Débito,Contrapartida,30/10/2025,9959116,"1.369,42",46,18.702.797/0001-34,ASSOCIACAO IMPACT HUB BRASIL / NF 43999,1.2.4 Impostos,Reembolso ao Institucional,Impulso Regional,10/2025,"(1.369,42)"
Débito,Contrapartida,30/10/2025,9959618,"7.341,26",50,18.702.797/0001-34,ASSOCIACAO IMPACT HUB BRASIL / IRRF Premiação Aceleração Rafael,2.1.2 Premiações,Reembolso ao Institucional,Impulso Regional,10/2025,"(7.341,26)"
Débito,Contrapartida,30/10/2025,9959615,"14.000,00",49,18.702.797/0001-34,ASSOCIACAO IMPACT HUB BRASIL / ANDRÉCAROL,1.2.2 Serviços de Especialistas,Devolução Empréstimo ,Co.NE,10/2025,"(14.000,00)"
Débito,Contrapartida,30/10/2025,9959121,"9.000,00",48,18.702.797/0001-34,ASSOCIACAO IMPACT HUB BRASIL / SOHAM,1.1.1 Equipe de Coordenação,Devolução Empréstimo ,Operação Básica,10/2025,"(9.000,00)"
Débito,Contrapartida,30/10/2025,9959121,"9.000,00",48,18.702.797/0001-34,ASSOCIACAO IMPACT HUB BRASIL / SOHAM,1.1.1 Equipe de Coordenação,Devolução Empréstimo ,Co.NE,10/2025,"(9.000,00)"
Débito,Contrapartida,30/10/2025,9959089,"156,19",43,18.702.797/0001-34,ASSOCIACAO IMPACT HUB BRASIL / Clicksign,1.1.5 Serviços de apoio administrativo e financeiro,Devolução Empréstimo ,Operação Básica,10/2025,"(156,19)"
Débito,Contrapartida,30/10/2025,9959082,"100,00",42,18.702.797/0001-34,ASSOCIACAO IMPACT HUB BRASIL / IEL,1.1.5 Serviços de apoio administrativo e financeiro,Devolução Empréstimo ,Operação Básica,10/2025,"(100,00)"
Débito,Contrapartida,30/10/2025,9959073,"315,00",41,18.702.797/0001-34,ASSOCIACAO IMPACT HUB BRASIL / FLUXO,1.1.5 Serviços de apoio administrativo e financeiro,Devolução Empréstimo ,Operação Básica,10/2025,"(315,00)"
Débito,Contrapartida,30/10/2025,9959062,"1.400,00",40,18.702.797/0001-34,ASSOCIACAO IMPACT HUB BRASIL / JULIA SOARES,1.1.2 Equipe Gestão Financeira,Devolução Empréstimo ,Operação Básica,10/2025,"(1.400,00)"
Débito,Contrapartida,30/10/2025,9959055,"1.898,06",39,18.702.797/0001-34,ASSOCIACAO IMPACT HUB BRASIL / CARRUSCA,1.1.4 Serviços Advocatícios,Devolução Empréstimo ,Operação Básica,10/2025,"(1.898,06)"
Débito,Contrapartida,30/10/2025,9959048,"3.000,00",38,18.702.797/0001-34,ASSOCIACAO IMPACT HUB BRASIL / ERIKA SOUZA,3.3.3 Produção de peças de comunicação,Devolução Empréstimo ,Operação Básica,10/2025,"(3.000,00)"
Débito,Contrapartida,30/10/2025,9959044,"3.150,00",37,18.702.797/0001-34,ASSOCIACAO IMPACT HUB BRASIL / GIOVANNA MARQUES,3.2.4 Serviços de Eventos,Devolução Empréstimo ,Operação Básica,10/2025,"(3.150,00)"
Débito,Contrapartida,30/10/2025,9959623,"7.341,28",51,18.702.797/0001-34,ASSOCIACAO IMPACT HUB BRASIL / IRRF Premiação Aceleração Francisco,2.1.2 Premiações,Reembolso ao Institucional,Impulso Regional,10/2025,"(7.341,28)"
Débito,Contrapartida,30/10/2025,9959030,"4.950,00",36,18.702.797/0001-34,ASSOCIACAO IMPACT HUB BRASIL / GIOVANA SAKAI,1.1.3 Equipe de Comunicação,Devolução Empréstimo ,Operação Básica,10/2025,"(4.950,00)"
Débito,Contrapartida,30/10/2025,9959022,"7.000,00",35,18.702.797/0001-34,ASSOCIACAO IMPACT HUB BRASIL / RODOLFO COBRA,4.1.1 Despesas com captação,Devolução Empréstimo ,Operação Básica,10/2025,"(7.000,00)"
Débito,Contrapartida,30/10/2025,9958999,"8.000,00",32,18.702.797/0001-34,ASSOCIACAO IMPACT HUB BRASIL / MARCELLO MARQUES,1.2.2 Serviços de Especialistas,Devolução Empréstimo ,Co.NE,10/2025,"(8.000,00)"
Débito,Contrapartida,30/10/2025,9958996,"8.500,00",31,18.702.797/0001-34,ASSOCIACAO IMPACT HUB BRASIL / SYBILLA,1.1.2 Equipe Gestão Financeira,Devolução Empréstimo ,Operação Básica,10/2025,"(8.500,00)"
Débito,Rendimentos,31/10/2025,9958960,"30.000,00",2,51.340.704/0001-44,PLACE SOLUCOES EM TECNOLOGIA LTDA,2.1.2 Premiações,,Impulso Regional,10/2025,"(30.000,00)"
Débito,Contrapartida,31/10/2025,9958936,"70.000,00",10,31.493.748/0001-05,AYABESE INOVACAO EM REDE LTDA,2.1.2 Premiações,,Impulso Regional,10/2025,"(70.000,00)"
Débito,Contrapartida,31/10/2025,9958910,"70.000,00",11,51.340.704/0001-44,PLACE SOLUCOES EM TECNOLOGIA LTDA,2.1.2 Premiações,,Impulso Regional,10/2025,"(70.000,00)"
Débito,Contrapartida,04/11/2025,9958954,"51.825,71",12,324.495.688-24,RAFAEL GIORGI COSTA,2.1.2 Premiações,,Impulso Regional,11/2025,"(51.825,71)"
Débito,Contrapartida,04/11/2025,9969506,"40,61",1,55.169.662/0001-81,GIOVANNA MARQUES,2.2.1 Eventos,,Impulso Regional,11/2025,"(40,61)"
Débito,Contrapartida,04/11/2025,9969502,"100,00",6213,00.366.849/0001-83,INSTITUTO EUVALDO LODI DO DISTRITO FEDERAL,1.1.5 Serviços de apoio administrativo e financeiro,,Operação Básica,11/2025,"(100,00)"
Débito,Contrapartida,04/11/2025,9969493,"1.400,00",4,076.607.951-12,JULIA SOARES SILVA,1.1.2 Equipe Gestão Financeira,,Operação Básica,11/2025,"(1.400,00)"
Débito,Contrapartida,04/11/2025,9969483,"1.898,06",297,37.755.223/0001-79,CARRUSCA SOCIEDADE INDIVIDUAL DE ADVOCACIA,1.1.4 Serviços Advocatícios,,Operação Básica,11/2025,"(1.898,06)"
Débito,Contrapartida,04/11/2025,9969461,"3.150,00",19,55.169.662/0001-81,GIOVANNA MARQUES,3.2.4 Serviços de Eventos,,Operação Básica,11/2025,"(3.150,00)"
Débito,Contrapartida,04/11/2025,9969452,"3.500,00",350,27.793.145/0001-43,SM VENTURES GESTAO ADMINISTRATIVA LTDA,1.1.2 Equipe Gestão Financeira,,Operação Básica,11/2025,"(3.500,00)"
Débito,Contrapartida,04/11/2025,9969446,"4.950,00",31,42.535.257/0001-98,GIOVANA SAKAI ROQUE 05189928101,1.1.3 Equipe de Comunicação,,Operação Básica,11/2025,"(4.950,00)"
Débito,Contrapartida,04/11/2025,9969437,"7.000,00",46,42.049.099/0001-66,RODOLFO CALDONAZZO COBRA 01642844608,4.1.1 Despesas com captação,,Operação Básica,11/2025,"(7.000,00)"
Débito,Contrapartida,04/11/2025,9969415,"7.000,00",3,38.011.380/0001-32,COCRIATORIO TREINAMENTOS LTDA,1.2.2 Serviços de Especialistas,,Co.NE,11/2025,"(7.000,00)"
Débito,Contrapartida,04/11/2025,9969409,"7.000,00",50,51.483.793/0001-88,CAROLINA TOMAZ BARBOSA LTDA,1.2.2 Serviços de Especialistas,,Co.NE,11/2025,"(7.000,00)"
Débito,Contrapartida,04/11/2025,9969405,"8.000,00",143,24.864.752/0001-69,MARCELLO MARQUES ESPIRITO SANTO SERVICOS E TREINAMENTOS LTDA,1.2.2 Serviços de Especialistas,,Co.NE,11/2025,"(8.000,00)"
Débito,Contrapartida,04/11/2025,9969403,"8.500,00",8,35.856.701/0001-01,SYBILLA GESTAO INTELIGENTE LTDA,1.1.2 Equipe Gestão Financeira,,Operação Básica,11/2025,"(8.500,00)"
Débito,Contrapartida,04/11/2025,9969396,"9.000,00",18,59.704.598/0001-42,SOHAM GESTAO E PLANEJAMENTO LTDA,1.1.1 Equipe de Coordenação,,Co.NE,11/2025,"(9.000,00)"
Débito,Contrapartida,06/11/2025,9979551,"207,00",1806,24.388.741/0001-50,FLUXO ADMINISTRACAO INTELIGENTE LTDA,1.1.5 Serviços de apoio administrativo e financeiro,,Operação Básica,11/2025,"(207,00)"
Débito,Contrapartida,06/11/2025,9979546,"3.500,00",352,27.793.145/0001-43,SM VENTURES GESTAO ADMINISTRATIVA LTDA,1.1.2 Equipe Gestão Financeira,,Operação Básica,11/2025,"(3.500,00)"
Débito,Contrapartida,06/11/2025,9979540,"7.200,00",43,41.742.299/0001-37,KHALEL EDIPO SOUZA DE ALBUQUERQUE 05783055182,1.2.1 Serviços de Consultoria,,Operação Básica,11/2025,"(7.200,00)"
Débito,Contrapartida,06/11/2025,9979535,"9.000,00",17,59.704.598/0001-42,SOHAM GESTAO E PLANEJAMENTO LTDA,1.1.1 Equipe de Coordenação,,Operação Básica,11/2025,"(9.000,00)"
Débito,Contrapartida,19/11/2025,10007563,"4.497,58",206,39.722.617/0001-56,AGENCIA DE VIAGENS KELLY CAMARA LTDA,1.1.6 Logística,,Co.NE,11/2025,"(4.497,58)"
Débito,Contrapartida,24/11/2025,10010166,"3.750,00",54,44.929.810/0001-00,GLIMPSE EXPERIENCIA E DESENVOLVIMENTO PROFISSIONAL LTDA,2.3.2 Serviço de Facilitação,,Operação Básica,11/2025,"(3.750,00)"
Débito,Contrapartida,24/11/2025,10011083,"460,00",3,62.300.966/0001-00,"FREITAS, LIMA E BOSSARDI SERVICOS DE TECNOLOGIA LTDA",2.3.2 Serviço de Facilitação,,Co.NE,11/2025,"(460,00)"
Crédito,Repasse,01/12/2025,,"5.324.316,80",,,MDS,0.0.0 Recurso,Captação,Alimenta +1000 Cidades,12/2025,"5.324.316,80"
Débito,Contrapartida,03/12/2025,10035491,"100,00",6365,00.366.849/0001-83,INSTITUTO EUVALDO LODI DO DISTRITO FEDERAL,1.1.5 Serviços de apoio administrativo e financeiro,,Operação Básica,12/2025,"(100,00)"
Débito,Contrapartida,03/12/2025,10036349,"5.000,00",45,44.191.664/0001-50,INOVAGRIO CONSULTORIA E GESTAO EM DESENVOLVIMENTO TERRITORIAL LTDA,2.3.2 Serviço de Facilitação,,Co.NE,12/2025,"(5.000,00)"
Débito,Contrapartida,03/12/2025,10035416,"378,00",44,24.388.741/0001-50,FLUXO ADMINISTRACAO INTELIGENTE LTDA,1.1.5 Serviços de apoio administrativo e financeiro,,Operação Básica,12/2025,"(378,00)"
Débito,Contrapartida,03/12/2025,10035372,"1.200,00",53,51.483.793/0001-88,CAROLINA TOMAZ BARBOSA LTDA,2.3.2 Serviço de Facilitação,,Co.NE,12/2025,"(1.200,00)"
Débito,Contrapartida,03/12/2025,10035328,"1.400,00",5,076.607.951-12,JULIA SOARES SILVA,1.1.2 Equipe Gestão Financeira,,Operação Básica,12/2025,"(1.400,00)"
Débito,Contrapartida,03/12/2025,10035313,"1.898,06",315,37.755.223/0001-79,CARRUSCA SOCIEDADE INDIVIDUAL DE ADVOCACIA,1.1.4 Serviços Advocatícios,,Operação Básica,12/2025,"(1.898,06)"
Débito,Contrapartida,03/12/2025,10035297,"3.150,00",20,55.169.662/0001-81,GIOVANNA MARQUES,3.2.4 Serviços de Eventos,,Operação Básica,12/2025,"(3.150,00)"
Débito,Contrapartida,03/12/2025,10035288,"4.950,00",32,42.535.257/0001-98,GIOVANA SAKAI ROQUE 05189928101,1.1.3 Equipe de Comunicação,,Operação Básica,12/2025,"(4.950,00)"
Débito,Contrapartida,03/12/2025,10035264,"7.000,00",52,51.483.793/0001-88,CAROLINA TOMAZ BARBOSA LTDA,1.2.2 Serviços de Especialistas,,Co.NE,12/2025,"(7.000,00)"
Débito,Contrapartida,03/12/2025,10035251,"7.000,00",29,42.049.099/0001-66,RODOLFO CALDONAZZO COBRA 01642844608,4.1.1 Despesas com captação,,Operação Básica,12/2025,"(7.000,00)"
Débito,Contrapartida,03/12/2025,10035228,"8.000,00",144,24.864.752/0001-69,MARCELLO MARQUES ESPIRITO SANTO SERVICOS E TREINAMENTOS LTDA,1.2.2 Serviços de Especialistas,,Co.NE,12/2025,"(8.000,00)"
Débito,Contrapartida,03/12/2025,10035138,"8.500,00",9,35.856.701/0001-01,SYBILLA GESTAO INTELIGENTE LTDA,1.1.2 Equipe Gestão Financeira,,Operação Básica,12/2025,"(8.500,00)"
Débito,Contrapartida,03/12/2025,10035012,"9.000,00",19,59.704.598/0001-42,SOHAM GESTAO E PLANEJAMENTO LTDA,1.1.1 Equipe de Coordenação,,Operação Básica,12/2025,"(9.000,00)"
Débito,Contrapartida,04/12/2025,10034996,"18.174,29",52,18.702.797/0001-34,ASSOCIACAO IMPACT HUB BRASIL / IRRF Premiação Aceleração Rafael,2.1.2 Premiações,Reembolso ao Institucional,Impulso Regional,12/2025,"(18.174,29)"
Débito,Contrapartida,04/12/2025,10035426,"156,19",53,18.702.797/0001-34,ASSOCIACAO IMPACT HUB BRASIL / Clicksign,1.1.5 Serviços de apoio administrativo e financeiro,Reembolso ao Institucional,Operação Básica,12/2025,"(156,19)"
Débito,Contrapartida,04/12/2025,10040287,"9.000,00",20,59.704.598/0001-42,SOHAM GESTAO E PLANEJAMENTO LTDA,1.1.1 Equipe de Coordenação,,Co.NE,12/2025,"(9.000,00)"
Débito,Contrapartida,04/12/2025,10040279,"26.454,81",334,27.059.399/0001-32,IMPACT HUB BRASILIA LTDA,1.1.1 Equipe de Coordenação,,Co.NE,12/2025,"(26.454,81)"
Débito,Contrapartida,04/12/2025,10040264,"25.909,35",333,27.059.399/0001-32,IMPACT HUB BRASILIA LTDA,1.1.1 Equipe de Coordenação,,Co.NE,12/2025,"(25.909,35)"
Débito,Contrapartida,04/12/2025,10040259,"20.182,02",332,27.059.399/0001-32,IMPACT HUB BRASILIA LTDA,1.1.1 Equipe de Coordenação,,Co.NE,12/2025,"(20.182,02)"
Débito,Contrapartida,04/12/2025,10040944,"70,83",1,998.191.711-72,ISADORA MARTINEZ STARLING,1.1.6 Logística,,Operação Básica,12/2025,"(70,83)"
Crédito,Contrapartida,05/12/2025,,"433.071,30",,,BID,0.0.0 Recurso,Captação,Co.NE,12/2025,"433.071,30"
Débito,Contrapartida,08/12/2025,10049767,"3.500,00",367,27.793.145/0001-43,SM VENTURES GESTAO ADMINISTRATIVA LTDA,1.1.2 Equipe Gestão Financeira,,Operação Básica,12/2025,"(3.500,00)"
Débito,Contrapartida,08/12/2025,10048921,"3.750,00",56,44.929.810/0001-00,GLIMPSE EXPERIENCIA E DESENVOLVIMENTO PROFISSIONAL LTDA,2.3.2 Serviço de Facilitação,,Operação Básica,12/2025,"(3.750,00)"
Débito,Contrapartida,12/12/2025,10061417,"7.000,00",4,38.011.380/0001-32,COCRIATORIO TREINAMENTOS LTDA,1.2.2 Serviços de Especialistas,,Co.NE,12/2025,"(7.000,00)"
Débito,Contrapartida,16/12/2025,10067768,"1.200,00",5,38.011.380/0001-32,COCRIATORIO TREINAMENTOS LTDA,2.3.2 Serviço de Facilitação,,Co.NE,12/2025,"(1.200,00)"
Débito,Contrapartida,16/12/2025,10061543,"1.500,00",133,28.858.994/0001-09,ERIKA NATALIA AUXILIADORA DE SOUZA LTDA,3.3.3 Produção de peças de comunicação,,Operação Básica,12/2025,"(1.500,00)"
Débito,Contrapartida,16/12/2025,10066974,"10.350,00",131,10.495.454/0001-34,CIDADE DEMOCRÁTICA,1.2.2 Serviços de Especialistas,,Inovação Crédito Fundiário,12/2025,"(10.350,00)"
Débito,Contrapartida,17/12/2025,10069995,"1.500,00",134,28.858.994/0001-09,ERIKA NATALIA AUXILIADORA DE SOUZA LTDA,3.3.3 Produção de peças de comunicação,,Operação Básica,12/2025,"(1.500,00)"
Crédito,Contrapartida,17/12/2025,,"990.007,50",,,FBDS,0.0.0 Recurso,Captação,SiCAR,12/2025,"990.007,50"
Crédito,Repasse,17/12/2025,,"362.380,75",,,ENAP,0.0.0 Recurso,Aporte,Operação Básica,12/2025,"362.380,75"
Crédito,Repasse,18/12/2025,,"161.775,75",,,ENAP,0.0.0 Recurso,Aporte,Operação Básica,12/2025,"161.775,75"
Crédito,Repasse,24/12/2025,,"21.000,00",,,ANEEL,0.0.0 Recurso,Captação,Oficina ANEEL,12/2025,"21.000,00"
Débito,Contrapartida,05/01/2026,10098954,"156,19",54,18.702.797/0001-34,ASSOCIACAO IMPACT HUB BRASIL / CLICKSIGN,1.1.5 Serviços de apoio administrativo e financeiro,,Operação Básica,01/2026,"(156,19)"
Débito,Contrapartida,05/01/2026,10098950,"1.400,00",6,076.607.951-12,JULIA SOARES SILVA,1.1.2 Equipe Gestão Financeira,,Operação Básica,01/2026,"(1.400,00)"
Débito,Contrapartida,05/01/2026,10098944,"3.150,00",21,55.169.662/0001-81,GIOVANNA MARQUES,3.2.4 Serviços de Eventos,,Operação Básica,01/2026,"(3.150,00)"
Débito,Contrapartida,05/01/2026,10098940,"4.950,00",34,42.535.257/0001-98,GIOVANA SAKAI ROQUE 05189928101,1.1.3 Equipe de Comunicação,,Operação Básica,01/2026,"(4.950,00)"
Débito,Contrapartida,05/01/2026,10098932,"7.000,00",20260000000001,38.011.380/0001-32,COCRIATORIO TREINAMENTOS LTDA,1.2.2 Serviços de Especialistas,,Co.NE,01/2026,"(7.000,00)"
Débito,Contrapartida,05/01/2026,10098886,"7.000,00",55,51.483.793/0001-88,CAROLINA TOMAZ BARBOSA LTDA,1.2.2 Serviços de Especialistas,,Co.NE,01/2026,"(7.000,00)"
Débito,Contrapartida,05/01/2026,10098881,"8.000,00",147,24.864.752/0001-69,MARCELLO MARQUES ESPIRITO SANTO SERVICOS E TREINAMENTOS LTDA,1.2.2 Serviços de Especialistas,,Co.NE,01/2026,"(8.000,00)"
Débito,Contrapartida,05/01/2026,10098868,"8.500,00",10,35.856.701/0001-01,SYBILLA GESTAO INTELIGENTE LTDA,1.1.2 Equipe Gestão Financeira,,Operação Básica,01/2026,"(8.500,00)"
Débito,Contrapartida,06/01/2026,10103696,"3.000,00",1,,ASSIS CASTILHOLI SERVICOS LTDA,4.1.1 Despesas com Captação,,Co.NE,01/2026,"(3.000,00)"
Débito,Contrapartida,06/01/2026,10103227,450,109,24.388.741/0001-50,FLUXO ADMINISTRACAO INTELIGENTE LTDA,1.1.5 Serviços de apoio administrativo e financeiro,,Operação Básica,01/2026,"(450,00)"
Débito,Contrapartida,06/01/2026,10103183,"7.000,00",31,42.049.099/0001-66,RODOLFO CALDONAZZO COBRA 01642844608,4.1.1 Despesas com Captação,,Operação Básica,01/2026,"(7.000,00)"
Débito,Contrapartida,06/01/2026,10103177,"9.000,00",21,59.704.598/0001-42,SOHAM GESTAO E PLANEJAMENTO LTDA,1.1.1 Equipe de Coordenação,,Operação Básica,01/2026,"(9.000,00)"
Débito,Contrapartida,12/01/2026,10106072,"9.000,00",22,59.704.598/0001-42,SOHAM GESTAO E PLANEJAMENTO LTDA,1.1.1 Equipe de Coordenação,,Co.NE,01/2026,"(9.000,00)"
Débito,Contrapartida,12/01/2026,10106082,"1.898,06",319,37.755.223/0001-79,CARRUSCA SOCIEDADE INDIVIDUAL DE ADVOCACIA,1.1.4 Serviços Advocatícios,,Operação Básica,01/2026,"(1.898,06)"
Débito,Contrapartida,12/01/2026,10112164,"3.500,00",384,27.793.145/0001-43,SM VENTURES GESTAO ADMINISTRATIVA LTDA,1.1.2 Equipe Gestão Financeira,,Operação Básica,01/2026,"(3.500,00)"
Débito,Contrapartida,12/01/2026,10112169,100,6465,00.366.849/0001-83,INSTITUTO EUVALDO LODI DO DISTRITO FEDERAL,1.1.5 Serviços de apoio administrativo e financeiro,,Operação Básica,01/2026,"(100,00)"
Débito,Contrapartida,12/01/2026,10112191,"10.000,00",2379,,INSIGHT RECURSOS HUMANOS LTDA,1.2.3 Serviços de seleção e recrutamento,2.5 Avaliando propostas,Alimenta +1000 Cidades,01/2026,"(10.000,00)"
Débito,Contrapartida,12/01/2026,10112193,"8.500,00",2380,,INSIGHT RECURSOS HUMANOS LTDA,1.2.3 Serviços de seleção e recrutamento,,Operação Básica,01/2026,"(8.500,00)"
Débito,Contrapartida,12/01/2026,10112196,"12.000,00",2381,,INSIGHT RECURSOS HUMANOS LTDA,1.2.3 Serviços de seleção e recrutamento,2.5 Avaliando propostas,Alimenta +1000 Cidades,01/2026,"(12.000,00)"
Débito,Contrapartida,20/01/2026,10121743,"1.200,00",27,,54.836.888 LETICIA WEINERT ABREU,3.3.3 Produção de peças de comunicação.,,Co.NE,01/2026,"(1.200,00)"
Débito,Contrapartida,20/01/2026,10117679,"21.653,57",,18.702.797/0001-34,ASSOCIACAO IMPACT HUB BRASIL / ISS BID 3ª parcela,1.1.8 Impostos,Reembolso ao Institucional,Co.NE,01/2026,"(21.653,57)"
Débito,Contrapartida,23/01/2026,10129866,"3.000,00",13,,59.516.239 NATALIA PANZETER VIEIRA ROSA,1.1.5 Serviços de apoio administrativo e financeiro,,Operação Básica,01/2026,"(3.000,00)"
Débito,Contrapartida,23/01/2026,10129859,"2.400,00",,,ASSOCIACAO HUB BRASILIA,1.1.7 Aluguel,,Operação Básica,01/2026,"(2.400,00)"
Débito,Contrapartida,23/01/2026,10127993,"2.454,78",340,27.059.399/0001-32,IMPACT HUB BRASILIA LTDA,1.1.1 Equipe de Coordenação,,Co.NE,01/2026,"(2.454,78)"
Débito,Contrapartida,23/01/2026,10127992,"21.000,00",306,27.059.399/0001-32,IMPACT HUB BRASILIA LTDA,1.1.1 Equipe de Coordenação,,Co.NE,01/2026,"(21.000,00)"
Débito,Contrapartida,26/01/2026,10131917,650,2384,,INSIGHT RECURSOS HUMANOS LTDA,1.2.3 Serviços de seleção e recrutamento,,Operação Básica,01/2026,"(650,00)"
Débito,Contrapartida,26/01/2026,10131916,690,6,62.300.966/0001-00,"FREITAS, LIMA E BOSSARDI SERVICOS DE TECNOLOGIA LTDA",2.3.2 Serviço de Facilitação,,Co.NE,01/2026,"(690,00)"
Débito,Contrapartida,26/01/2026,10131911,"12.500,00",2386,,INSIGHT RECURSOS HUMANOS LTDA,1.2.3 Serviços de seleção e recrutamento,,SiCAR,01/2026,"(12.500,00)"
Crédito,Contrapartida,12/02/2026,,"20.402,26",,,BIDLab,0.0.0 Recurso,Captação,Gov.Tech,02/2026,"20.402,26"
Crédito,Contrapartida,11/03/2026,,"20.275,20",,,BIDLab,0.0.0 Recurso,Captação,Gov.Tech,03/2026,"20.275,20"
Débito,Contrapartida,03/02/2026,10146145,"156,19",56,,ASSOCIACAO IMPACT HUB BRASIL / CLICKSIGN / Janeiro,1.1.5 Serviços de apoio administrativo e financeiro,Taxa administrativa,Alimenta +1000 Cidades,02/2026,"(156,19)"
Débito,Contrapartida,03/02/2026,10146144,"1.895,80",4377,,ASSOCIACAO HUB BRASILIA,1.1.7 Aluguel,,Alimenta +1000 Cidades,02/2026,"(1.895,80)"
Débito,Contrapartida,03/02/2026,10146142,"3.000,00",2,,ASSIS CASTILHOLI SERVICOS LTDA,4.1.1 Despesas com Captação,,Alimenta +1000 Cidades,02/2026,"(3.000,00)"
Débito,Contrapartida,03/02/2026,10146136,"4.000,00",22,,GIOVANNA MARQUES,3.2.4 Serviços de Eventos,,Operação Básica,02/2026,"(4.000,00)"
Débito,Contrapartida,03/02/2026,10146131,"5.300,00",35,,GIOVANA SAKAI ROQUE 05189928101,1.1.3 Equipe de Comunicação,,Operação Básica,02/2026,"(5.300,00)"
Débito,Contrapartida,03/02/2026,10146130,"7.000,00",33,,RODOLFO CALDONAZZO COBRA 01642844608,4.1.1 Despesas com Captação,,Operação Básica,02/2026,"(7.000,00)"
Débito,Contrapartida,03/02/2026,10146125,"7.000,00",57,,CAROLINA TOMAZ BARBOSA LTDA,1.2.2 Serviços de Especialistas,,Co.NE,02/2026,"(7.000,00)"
Débito,Contrapartida,03/02/2026,10146122,"8.000,00",148,,MARCELLO MARQUES ESPIRITO SANTO SERVICOS E TREINAMENTOS LTDA,1.2.2 Serviços de Especialistas,Taxa administrativa,Co.NE,02/2026,"(8.000,00)"
Débito,Contrapartida,03/02/2026,10146121,"5.000,00",11,,SYBILLA GESTAO INTELIGENTE LTDA,1.1.2 Equipe Gestão Financeira,,Operação Básica,02/2026,"(5.000,00)"
Débito,Contrapartida,03/02/2026,10146121,"3.500,00",11,,SYBILLA GESTAO INTELIGENTE LTDA,1.1.2 Equipe Gestão Financeira,1.3 Consultoria para monitoramento e avaliação da implementação,Alimenta +1000 Cidades,02/2026,"(3.500,00)"
Débito,Contrapartida,03/02/2026,10146112,"19.636,56",354,,IMPACT HUB BRASÍLIA LTDA,1.1.1 Equipe de Coordenação,,Co.NE,02/2026,"(19.636,56)"
Débito,Contrapartida,04/02/2026,10150286,"2.000,00",48,,ALLF SANTOS LIMA,2.2.1 Eventos,,Alimenta +1000 Cidades,02/2026,"(2.000,00)"
Débito,Contrapartida,04/02/2026,10150279,"8.500,00",47,,ANA CAROLINA SALES DA ROCHA 05599054403,1.2.2 Serviços de Especialistas,1.2 Execução dos módulos,Operação Básica,02/2026,"(8.500,00)"
Débito,Contrapartida,04/02/2026,10150275,"6.000,00",20,,60.820.300 FELIPE GEBRIM DE QUEIROZ DOMINGUES,1.1.3 Equipe de Comunicação,,Operação Básica,02/2026,"(6.000,00)"
Débito,Contrapartida,04/02/2026,10150266,"12.000,00",2,,"INOVAREIS - CONSULTORIA, SOLUCOES E PROJETOS LTDA",1.1.1 Equipe de Coordenação,Taxa administrativa,Alimenta +1000 Cidades,02/2026,"(12.000,00)"
Débito,Contrapartida,04/02/2026,10150262,"19.950,00",90,,IBIRÁ,1.2.1 Serviços de Consultoria,Taxa administrativa,BID Lab,02/2026,"(19.950,00)"
Débito,Contrapartida,04/02/2026,10150195,441,169,,FLUXO ADMINISTRACAO INTELIGENTE LTDA,1.1.5 Serviços de apoio administrativo e financeiro,Taxa administrativa,Alimenta +1000 Cidades,02/2026,"(441,00)"
Débito,Contrapartida,04/02/2026,10150172,"1.875,00",2,,64.135.889 JULIA SOARES SILVA,1.1.2 Equipe Gestão Financeira,,Alimenta +1000 Cidades,02/2026,"(1.875,00)"
Débito,Contrapartida,04/02/2026,10150162,"3.000,00",15,,59.516.239 NATALIA PANZETER VIEIRA ROSA,1.1.5 Serviços de apoio administrativo e financeiro,1.2 Execução dos módulos,Alimenta +1000 Cidades,02/2026,"(3.000,00)"
Débito,Contrapartida,04/02/2026,10150157,"7.000,00",202600000000002,,COCRIATORIO TREINAMENTOS LTDA,1.2.2 Serviços de Especialistas,Salaries,Co.NE,02/2026,"(7.000,00)"
Débito,Contrapartida,04/02/2026,10150275,"3.000,00",20,,60.820.300 FELIPE GEBRIM DE QUEIROZ DOMINGUES,1.1.3 Equipe de Comunicação,,Alimenta +1000 Cidades,02/2026,"(3.000,00)"
Débito,Contrapartida,04/02/2026,10150275,"1.000,00",20,,60.820.300 FELIPE GEBRIM DE QUEIROZ DOMINGUES,1.1.3 Equipe de Comunicação,,SiCAR,02/2026,"(1.000,00)"
Débito,Contrapartida,10/02/2026,10158620,"2.026,93",330,,CARRUSCA SOCIEDADE INDIVIDUAL DE ADVOCACIA,1.1.4 Serviços Advocatícios,,Operação Básica,02/2026,"(2.026,93)"
Débito,Contrapartida,10/02/2026,10162119,"13.333,33",2,,INNA NEGÓCIOS E IMPACTO LTDA / MARINA SILVA,4.1.1 Despesas com Captação,Taxa administrativa,Operação Básica,02/2026,"(13.333,33)"
Débito,Contrapartida,10/02/2026,10158628,"9.000,00",23,,SOHAM GESTAO E PLANEJAMENTO LTDA,1.1.1 Equipe de Coordenação,,Operação Básica,02/2026,"(9.000,00)"
Débito,Contrapartida,12/02/2026,10165880,156,57,,ASSOCIACAO IMPACT HUB BRASIL / Clicksign Fevereiro,1.1.5 Serviços de apoio administrativo e financeiro,,Alimenta +1000 Cidades,02/2026,"(156,00)"
Débito,Contrapartida,12/02/2026,10165879,"9.000,00",24,,SOHAM GESTAO E PLANEJAMENTO LTDA,1.1.1 Equipe de Coordenação,,Co.NE,02/2026,"(9.000,00)"
Débito,Contrapartida,19/02/2026,10172532,"6.500,00",6,,CASALES DESENVOLVIMENTO EMPRESARIAL LTDA,2.3.2 Serviço de Facilitação,1.2 Execução dos módulos,Co.NE,02/2026,"(6.500,00)"
Débito,Contrapartida,19/02/2026,10172202,"3.500,00",384,,SM VENTURES GESTAO ADMINISTRATIVA LTDA,1.1.2 Equipe Gestão Financeira,2.2 Mapeando problemas,Operação Básica,02/2026,"(3.500,00)"
Débito,Contrapartida,25/02/2026,10182903,"3.560,00",1,,65.014.598 ANDRE BEZERRA LIMA,1.2.2 Serviços de Especialistas,1.1 Configuração plataforma,Alimenta +1000 Cidades,02/2026,"(3.560,00)"
Débito,Contrapartida,25/02/2026,10182855,"2.850,00",4416,,ASSOCIACAO HUB BRASILIA,1.1.7 Aluguel,,Alimenta +1000 Cidades,02/2026,"(2.850,00)"
Débito,Contrapartida,25/02/2026,10182846,"9.843,75",45,,BLACKBEAN,3.1.1 Serviço de Plataforma,,Alimenta +1000 Cidades,02/2026,"(9.843,75)"
Débito,Contrapartida,06/03/2026,10200123,"12.000,00",1,,PROJETOS SZCZECINSKI LTDA,1.1.1 Equipe de Coordenação,2.3 Desenhando a competição,Alimenta +1000 Cidades,03/2026,"(12.000,00)"
Débito,Contrapartida,06/03/2026,10199105,"9.000,00",25,,SOHAM GESTAO E PLANEJAMENTO LTDA,1.1.1 Equipe de Coordenação,,Operação Básica,03/2026,"(9.000,00)"
Débito,Contrapartida,06/03/2026,10198970,"18.792,96",94,,IBIRA NEGOCIOS SOCIAIS LTDA,1.2.2 Serviços de Especialistas,,BID Lab,03/2026,"(18.792,96)"
Débito,Contrapartida,06/03/2026,10198963,"256,67",7,,64.135.889 JULIA SOARES SILVA,1.1.2 Equipe Gestão Financeira,Taxa administrativa,Alimenta +1000 Cidades,03/2026,"(256,67)"
Débito,Contrapartida,06/03/2026,10198954,"7.000,00",59,,CAROLINA TOMAZ BARBOSA LTDA,1.2.2 Serviços de Especialistas,,Co.NE,03/2026,"(7.000,00)"
Débito,Contrapartida,06/03/2026,10198947,"8.500,00",49,,ANA CAROLINA SALES DA ROCHA 05599054403,1.2.2 Serviços de Especialistas,,Operação Básica,03/2026,"(8.500,00)"
Débito,Contrapartida,06/03/2026,10198940,"2.850,00",4521,,ASSOCIACAO HUB BRASILIA,1.1.7 Aluguel,,Alimenta +1000 Cidades,03/2026,"(2.850,00)"
Débito,Contrapartida,06/03/2026,10198935,"5.300,00",36,,GIOVANA SAKAI ROQUE 05189928101,1.1.3 Equipe de Comunicação,,Operação Básica,03/2026,"(5.300,00)"
Débito,Contrapartida,06/03/2026,10198928,"7.000,00",35,,RODOLFO CALDONAZZO COBRA 01642844608,4.1.1 Despesas com Captação,,Operação Básica,03/2026,"(7.000,00)"
Débito,Contrapartida,06/03/2026,10198919,"2.026,93",341,,CARRUSCA SOCIEDADE INDIVIDUAL DE ADVOCACIA,1.1.4 Serviços Advocatícios,,Operação Básica,03/2026,"(2.026,93)"
Débito,Contrapartida,06/03/2026,10198914,"12.000,00",3,,"INOVAREIS - CONSULTORIA, SOLUCOES E PROJETOS LTDA",1.1.1 Equipe de Coordenação,1.2 Execução dos módulos,Alimenta +1000 Cidades,03/2026,"(12.000,00)"
Débito,Contrapartida,06/03/2026,10198912,"3.000,00",3,,ASSIS CASTILHOLI SERVICOS LTDA,4.1.1 Despesas com Captação,Taxa administrativa,Alimenta +1000 Cidades,03/2026,"(3.000,00)"
Débito,Contrapartida,06/03/2026,10198910,"2.500,00",3,,64.135.889 JULIA SOARES SILVA,1.1.2 Equipe Gestão Financeira,Taxa administrativa,Alimenta +1000 Cidades,03/2026,"(2.500,00)"
Débito,Contrapartida,06/03/2026,10198907,"3.428,57",3,,64.577.988 ANDRESSA VICTORIA DA SILVA DE OLIVEIRA,1.1.3 Equipe de Comunicação,,SiCAR,03/2026,"(3.428,57)"
Débito,Contrapartida,06/03/2026,10198902,"4.000,00",23,,55.169.662 GIOVANNA MARQUES DOS SANTOS,3.2.4 Serviços de Eventos,,Operação Básica,03/2026,"(4.000,00)"
Débito,Contrapartida,06/03/2026,10198896,"1.932,00",223,,FLUXO ADMINISTRACAO INTELIGENTE LTDA,1.1.5 Serviços de apoio administrativo e financeiro,Taxa administrativa,Alimenta +1000 Cidades,03/2026,"(1.932,00)"
Débito,Contrapartida,06/03/2026,10198889,"6.000,00",22,,60.820.300 FELIPE GEBRIM DE QUEIROZ DOMINGUES,1.1.3 Equipe de Comunicação,,Operação Básica,03/2026,"(6.000,00)"
Débito,Contrapartida,06/03/2026,10198889,"3.000,00",22,,60.820.300 FELIPE GEBRIM DE QUEIROZ DOMINGUES,1.1.3 Equipe de Comunicação,1.2 Execução dos módulos,Alimenta +1000 Cidades,03/2026,"(3.000,00)"
Débito,Contrapartida,06/03/2026,10198889,"1.000,00",22,,60.820.300 FELIPE GEBRIM DE QUEIROZ DOMINGUES,1.1.3 Equipe de Comunicação,,SiCAR,03/2026,"(1.000,00)"
Débito,Contrapartida,06/03/2026,10198875,"8.000,00",150,,MARCELLO MARQUES ESPIRITO SANTO SERVICOS E TREINAMENTOS LTDA,1.2.2 Serviços de Especialistas,,Co.NE,03/2026,"(8.000,00)"
Débito,Contrapartida,06/03/2026,10198868,"41.400,00",132,,INSTITUTO CIDADE DEMOCRATICA,1.2.2 Serviços de Especialistas,,Crédito Fundiário MDA,03/2026,"(41.400,00)"
Débito,Contrapartida,06/03/2026,10198859,"5.750,00",121,,ATMA COACHING E CONSULTORIA LTDA,2.3.2 Serviço de Facilitação,,ANEEL,03/2026,"(5.750,00)"
Débito,Contrapartida,06/03/2026,10198849,"5.000,00",12,,SYBILLA GESTAO INTELIGENTE LTDA,1.1.2 Equipe Gestão Financeira,,Operação Básica,03/2026,"(5.000,00)"
Débito,Contrapartida,06/03/2026,10198849,"3.500,00",12,,SYBILLA GESTAO INTELIGENTE LTDA,1.1.2 Equipe Gestão Financeira,Taxa administrativa,Alimenta +1000 Cidades,03/2026,"(3.500,00)"
Débito,Contrapartida,06/03/2026,10198840,"4.285,71",1,,64.769.414 SUZANY EVELYN GOMES TARGINO,1.1.3 Equipe de Comunicação,,Alimenta +1000 Cidades,03/2026,"(4.285,71)"
Débito,Contrapartida,06/03/2026,10198828,"3.615,00",1,,65.004.845 LUANA JONATA NUNES DE MOURA,1.2.2 Serviços de Especialistas,1.2 Execução dos módulos,Alimenta +1000 Cidades,03/2026,"(3.615,00)"
Débito,Contrapartida,11/03/2026,10213368,"12.000,00",1,,THAISA DE ALBUQUERQUE MAGALHAES LTDA,1.1.1 Equipe de Coordenação,,SiCAR,03/2026,"(12.000,00)"
Débito,Contrapartida,11/03/2026,10213248,"12.000,00",2,,PROJETOS SZCZECINSKI LTDA,1.1.1 Equipe de Coordenação,2.2 Mapeando problemas,Alimenta +1000 Cidades,03/2026,"(12.000,00)"
Débito,Contrapartida,11/03/2026,10213119,"3.000,00",17,,59.516.239 NATALIA PANZETER VIEIRA ROSA,1.1.5 Serviços de apoio administrativo e financeiro,Taxa administrativa,Alimenta +1000 Cidades,03/2026,"(3.000,00)"
Débito,Contrapartida,11/03/2026,10213102,"7.000,00",202600000000003,,COCRIATORIO TREINAMENTOS LTDA,1.2.2 Serviços de Especialistas,,Co.NE,03/2026,"(7.000,00)"
Débito,Contrapartida,11/03/2026,10213094,"7.400,00",350,,IMPACT HUB BRASÍLIA LTDA,1.1.1 Equipe de Coordenação,,ANEEL,03/2026,"(7.400,00)"
Débito,Contrapartida,11/03/2026,10213090,"20.182,02",349,,IMPACT HUB BRASÍLIA LTDA,1.1.1 Equipe de Coordenação,,Co.NE,03/2026,"(20.182,02)"
Débito,Contrapartida,11/03/2026,10213080,"9.000,00",26,,SOHAM GESTAO E PLANEJAMENTO LTDA,1.1.1 Equipe de Coordenação,,Co.NE,03/2026,"(9.000,00)"
Débito,Contrapartida,18/03/2026,10226131,"156,19",59,,ASSOCIACAO IMPACT HUB BRASIL / CLICKSIGN,1.1.5 Serviços de apoio administrativo e financeiro,,Alimenta +1000 Cidades,03/2026,"(156,19)"
Débito,Contrapartida,18/03/2026,10226031,"4.500,00",2485,,INSIGHT RECURSOS HUMANOS LTDA,1.2.3 Serviços de seleção e recrutamento,,Alimenta +1000 Cidades,03/2026,"(4.500,00)"
Débito,Contrapartida,18/03/2026,10225936,"30.000,00",96,,IBIRA NEGOCIOS SOCIAIS LTDA,1.2.2 Serviços de Especialistas,,BID Lab,03/2026,"(30.000,00)"
Débito,Contrapartida,18/03/2026,10225935,"3.500,00",400,,SM VENTURES GESTAO ADMINISTRATIVA LTDA,1.1.2 Equipe Gestão Financeira,,Operação Básica,03/2026,"(3.500,00)"
Débito,Contrapartida,18/03/2026,10225932,"13.333,33",3,,INNA NEGÓCIOS E IMPACTO LTDA,4.1.1 Despesas com Captação,,Operação Básica,03/2026,"(13.333,33)"
Débito,Contrapartida,26/03/2026,10239447,"5.750,00",122,,ATMA COACHING E CONSULTORIA LTDA,2.3.2 Serviço de Facilitação,,ANEEL,03/2026,"(5.750,00)"